Peptide,ProteinID,GeneName,PredictedMass,Hydrophobicity,pI,z1
MMPLAVLHVK,sp|A0A498KFL4|ATGSA_MALDO,AAT1GSA,1137.6402249999999,1.29,10.07,1138.647501
R,sp|A0A498KFL4|ATGSA_MALDO,AAT1GSA,174.111675,-4.5,11.04,175.11895099999998
LQPELITPAKPTPQETK,sp|A0A498KFL4|ATGSA_MALDO,AAT1GSA,1890.0461949999997,-0.96471,7.03,1891.0534709999997
FLSDIDDQEFLR,sp|A0A498KFL4|ATGSA_MALDO,AAT1GSA,1496.7146950000001,-0.425,3.33,1497.7219710000002
FQVPIIMCYK,sp|A0A498KFL4|ATGSA_MALDO,AAT1GSA,1240.634815,1.01,8.78,1241.642091
DNPSLNK,sp|A0A498KFL4|ATGSA_MALDO,AAT1GSA,786.387175,-1.85714,6.61,787.394451
NR,sp|A0A498KFL4|ATGSA_MALDO,AAT1GSA,288.154605,-4.0,11.04,289.161881
NPVK,sp|A0A498KFL4|ATGSA_MALDO,AAT1GSA,456.26962499999996,-1.2,10.07,457.27690099999995
VIR,sp|A0A498KFL4|ATGSA_MALDO,AAT1GSA,386.264145,1.4,11.04,387.271421
EALSR,sp|A0A498KFL4|ATGSA_MALDO,AAT1GSA,574.3074650000001,-0.64,6.93,575.3147410000001
ALVYYYPLAGR,sp|A0A498KFL4|ATGSA_MALDO,AAT1GSA,1284.6866350000003,0.45455,9.45,1285.6939110000003
LR,sp|A0A498KFL4|ATGSA_MALDO,AAT1GSA,287.19573499999996,-0.35,11.04,288.20301099999995
EGPNR,sp|A0A498KFL4|ATGSA_MALDO,AAT1GSA,571.271415,-2.7,6.93,572.2786910000001
K,sp|A0A498KFL4|ATGSA_MALDO,AAT1GSA,146.105525,-3.9,10.07,147.112801
LVVDCNGEGILFIEASADVTLEQLGDK,sp|A0A498KFL4|ATGSA_MALDO,AAT1GSA,2847.4211250000003,0.41111,3.24,2848.428401
ILPPCPLLEEFLFNFPGSDGIIGCPLVLVQVTCLTCGGFILALR,sp|A0A498KFL4|ATGSA_MALDO,AAT1GSA,4687.469315000001,1.21818,3.75,4688.4765910000015
LNHTMCDAAGLLLFLTAIAEMAR,sp|A0A498KFL4|ATGSA_MALDO,AAT1GSA,2474.2483549999997,0.93913,5.19,2475.2556309999995
GAHAPSILPVWER,sp|A0A498KFL4|ATGSA_MALDO,AAT1GSA,1431.7622450000001,-0.03077,7.8,1432.7695210000002
ELLFAR,sp|A0A498KFL4|ATGSA_MALDO,AAT1GSA,747.427905,0.7,6.93,748.4351810000001
DPPR,sp|A0A498KFL4|ATGSA_MALDO,AAT1GSA,483.244135,-2.8,6.63,484.251411
ITCAHHEYEDVIGHSDGSYASSNQSNMVQR,sp|A0A498KFL4|ATGSA_MALDO,AAT1GSA,3334.4367349999993,-0.82667,5.09,3335.444010999999
SFYFGAK,sp|A0A498KFL4|ATGSA_MALDO,AAT1GSA,818.3962750000001,0.14286,9.71,819.4035510000001
EMR,sp|A0A498KFL4|ATGSA_MALDO,AAT1GSA,434.194755,-2.03333,6.93,435.202031
VLR,sp|A0A498KFL4|ATGSA_MALDO,AAT1GSA,386.264145,1.16667,11.04,387.271421
QIPPHLISTCSTFDLITACLWK,sp|A0A498KFL4|ATGSA_MALDO,AAT1GSA,2486.270145,0.57273,6.92,2487.277421
CR,sp|A0A498KFL4|ATGSA_MALDO,AAT1GSA,277.120865,-1.0,8.89,278.12814099999997
TLALNINPK,sp|A0A498KFL4|ATGSA_MALDO,AAT1GSA,982.581115,0.07778,10.07,983.588391
EAVR,sp|A0A498KFL4|ATGSA_MALDO,AAT1GSA,473.25978499999997,-0.5,6.93,474.26706099999996
VSCIVNAR,sp|A0A498KFL4|ATGSA_MALDO,AAT1GSA,860.4538149999998,1.05,8.89,861.4610909999999
GK,sp|A0A498KFL4|ATGSA_MALDO,AAT1GSA,203.126985,-2.15,10.07,204.13426099999998
HNNVR,sp|A0A498KFL4|ATGSA_MALDO,AAT1GSA,638.3248550000001,-2.1,11.04,639.3321310000001
LPLGYYGNAFAFPAAISK,sp|A0A498KFL4|ATGSA_MALDO,AAT1GSA,1898.993025,0.56111,9.53,1900.000301
AEPLCK,sp|A0A498KFL4|ATGSA_MALDO,AAT1GSA,659.3312350000001,-0.15,6.21,660.3385110000002
NPLGYALELVK,sp|A0A498KFL4|ATGSA_MALDO,AAT1GSA,1215.686295,0.29091,6.85,1216.693571
AK,sp|A0A498KFL4|ATGSA_MALDO,AAT1GSA,217.14263499999998,-1.05,10.07,218.14991099999997
ATMNEEYLR,sp|A0A498KFL4|ATGSA_MALDO,AAT1GSA,1125.512455,-1.05556,4.26,1126.519731
SVADLLVLR,sp|A0A498KFL4|ATGSA_MALDO,AAT1GSA,984.596755,1.42222,6.63,985.6040310000001
GRPQYSSTGSYLIVSDNTR,sp|A0A498KFL4|ATGSA_MALDO,AAT1GSA,2100.023585,-0.87368,9.59,2101.0308609999997
AGFGDVNFGWGQPVFAGPVK,sp|A0A498KFL4|ATGSA_MALDO,AAT1GSA,2049.010785,0.205,6.61,2050.0180609999998
ALDLISFYVQHK,sp|A0A498KFL4|ATGSA_MALDO,AAT1GSA,1432.771425,0.39167,7.71,1433.778701
NNAEDGILVPMCLPSSAMER,sp|A0A498KFL4|ATGSA_MALDO,AAT1GSA,2145.9856750000004,-0.05,3.75,2146.992951
FQQELER,sp|A0A498KFL4|ATGSA_MALDO,AAT1GSA,948.4664850000001,-1.7,4.26,949.4737610000002
ITQEPK,sp|A0A498KFL4|ATGSA_MALDO,AAT1GSA,714.391195,-1.45,6.9,715.3984710000001
EDICNNLR,sp|A0A498KFL4|ATGSA_MALDO,AAT1GSA,975.444375,-0.9625,3.97,976.4516510000001
STR,sp|A0A498KFL4|ATGSA_MALDO,AAT1GSA,362.191385,-2.0,11.04,363.198661
IMSMM,sp|A0A498KFL4|ATGSA_MALDO,AAT1GSA,611.2481250000001,1.88,5.95,612.2554010000001
MMPFSVLQVK,sp|A0A498KFL4|ATGSA_MALDO,AAT1GSA,1178.6191649999998,0.9,10.07,1179.6264409999999
LQLELITPAKPTLQETK,sp|A0A498KFL4|ATGSA_MALDO,AAT1GSA,1922.1087949999999,-0.32941,7.03,1923.116071
FLSDIDDQEGLR,sp|A0A498KFL4|ATGSA_MALDO,AAT1GSA,1406.667745,-0.69167,3.33,1407.675021
FQVPVIMCYK,sp|A0A498KFL4|ATGSA_MALDO,AAT1GSA,1226.6191649999998,0.98,8.78,1227.6264409999999
NCNPVK,sp|A0A498KFL4|ATGSA_MALDO,AAT1GSA,673.3217450000001,-0.96667,8.86,674.3290210000001
LK,sp|A0A498KFL4|ATGSA_MALDO,AAT1GSA,259.18958499999997,-0.05,10.07,260.19686099999996
LMVDCNGEGILFVEASADVTLEQLGDK,sp|A0A498KFL4|ATGSA_MALDO,AAT1GSA,2865.3775550000005,0.31481,3.24,2866.3848310000003
ILPPCPLLEEFLFNFPGSDGIIGCPLLLVQVTCLTCGGFILALR,sp|A0A498KFL4|ATGSA_MALDO,AAT1GSA,4701.4849650000015,1.20909,3.75,4702.492241000002
VNHTMCDAPGLLLFLTAIAEMAR,sp|A0A498KFL4|ATGSA_MALDO,AAT1GSA,2486.2483549999997,0.8087,5.19,2487.2556309999995
ELLFSR,sp|A0A498KFL4|ATGSA_MALDO,AAT1GSA,763.4228249999999,0.26667,6.93,764.4301009999999
ITCVHHEYEDVIDHSDGSYASSNQSNMVQR,sp|A0A498KFL4|ATGSA_MALDO,AAT1GSA,3420.4735149999997,-0.85,4.5,3421.4807909999995
QIPPHVISTCSTFDLITACLSK,sp|A0A498KFL4|ATGSA_MALDO,AAT1GSA,2373.2072149999995,0.59545,6.92,2374.2144909999993
TLALK,sp|A0A498KFL4|ATGSA_MALDO,AAT1GSA,544.358435,0.96,10.07,545.365711
INPK,sp|A0A498KFL4|ATGSA_MALDO,AAT1GSA,470.285275,-1.125,10.07,471.292551
QAVR,sp|A0A498KFL4|ATGSA_MALDO,AAT1GSA,472.27577499999995,-0.5,11.04,473.28305099999994
VSCVVNAR,sp|A0A498KFL4|ATGSA_MALDO,AAT1GSA,846.438165,1.0125,8.89,847.4454410000001
HHNVR,sp|A0A498KFL4|ATGSA_MALDO,AAT1GSA,661.340835,-2.04,11.04,662.348111
LPLR,sp|A0A498KFL4|ATGSA_MALDO,AAT1GSA,497.33255499999996,0.375,11.04,498.33983099999995
YYGNAFAFPTAVSK,sp|A0A498KFL4|ATGSA_MALDO,AAT1GSA,1534.7456049999998,0.12143,9.53,1535.752881
AGFGDVNFGWGQPVFAGPAK,sp|A0A498KFL4|ATGSA_MALDO,AAT1GSA,2020.9794849999998,0.085,6.61,2021.986761
NNTEDGILVPMCLPSSAMER,sp|A0A498KFL4|ATGSA_MALDO,AAT1GSA,2175.9962450000003,-0.175,3.75,2177.003521
MMPLAVLQVK,sp|A0A498KFL4|ATGSA_MALDO,AAT1GSA,1128.639895,1.26,10.07,1129.647171
LQPK,sp|A0A498KFL4|ATGSA_MALDO,AAT1GSA,484.30092499999995,-1.3,10.07,485.30820099999994
LITPAK,sp|A0A498KFL4|ATGSA_MALDO,AAT1GSA,641.411195,0.65,10.07,642.4184710000001
LTPQETK,sp|A0A498KFL4|ATGSA_MALDO,AAT1GSA,815.438875,-1.44286,6.9,816.4461510000001
NLNPVK,sp|A0A498KFL4|ATGSA_MALDO,AAT1GSA,683.396615,-0.75,10.07,684.403891
ALVYYYPLAR,sp|A0A498KFL4|ATGSA_MALDO,AAT1GSA,1227.6651750000003,0.54,9.45,1228.6724510000004
LMVDCNGEGILFIEASADVTLEQLGDK,sp|A0A498KFL4|ATGSA_MALDO,AAT1GSA,2879.3932050000003,0.32593,3.24,2880.400481
MLPPCPLLEEFLFNFPGSGGIIGCPLVLVQMMTCLTCGGFILALR,sp|A0A498KFL4|ATGSA_MALDO,AAT1GSA,4810.432835000001,1.19333,4.26,4811.440111000002
ELLFAPDPPR,sp|A0A498KFL4|ATGSA_MALDO,AAT1GSA,1153.613125,-0.41,3.97,1154.6204010000001
QIPPHLTSTCSTFDLITACLWK,sp|A0A498KFL4|ATGSA_MALDO,AAT1GSA,2474.233765,0.33636,6.92,2475.2410409999998
YR,sp|A0A498KFL4|ATGSA_MALDO,AAT1GSA,337.175005,-2.9,9.83,338.182281
ITR,sp|A0A498KFL4|ATGSA_MALDO,AAT1GSA,388.24341499999997,-0.23333,11.04,389.25069099999996
EPK,sp|A0A498KFL4|ATGSA_MALDO,AAT1GSA,372.20087499999994,-3.0,6.9,373.20815099999993
STSQ,sp|A0A498KFL4|ATGSA_MALDO,AAT1GSA,421.180885,-1.45,5.95,422.188161
MMLPSVLQVK,sp|A0A498KFL4|ATGSA_MALDO,AAT1GSA,1144.634815,1.0,10.07,1145.642091
FLSEIDDQESLR,sp|A0A498KFL4|ATGSA_MALDO,AAT1GSA,1450.693965,-0.725,3.46,1451.701241
ANPSLNK,sp|A0A498KFL4|ATGSA_MALDO,AAT1GSA,742.397345,-1.1,10.07,743.404621
EGPNK,sp|A0A498KFL4|ATGSA_MALDO,AAT1GSA,543.265265,-2.58,6.9,544.272541
LVVDCNGEGILFVEASADVTLEQLGDK,sp|A0A498KFL4|ATGSA_MALDO,AAT1GSA,2833.4054750000005,0.4,3.24,2834.4127510000003
ILPPCPLLEEFLFNFPGSGGIIGCPLLLVQVTCLTCGGFILALR,sp|A0A498KFL4|ATGSA_MALDO,AAT1GSA,4643.479485000001,1.27955,4.26,4644.486761000001
LNHTMCDASGLLLFLTAIAEMAR,sp|A0A498KFL4|ATGSA_MALDO,AAT1GSA,2490.2432749999994,0.82609,5.19,2491.250550999999
NPPR,sp|A0A498KFL4|ATGSA_MALDO,AAT1GSA,482.260125,-2.8,11.04,483.267401
ITCAHHEYEDVIDHSDGSYAFSNQSNMVQR,sp|A0A498KFL4|ATGSA_MALDO,AAT1GSA,3452.4785949999996,-0.81,4.5,3453.4858709999994
LPLGYYGNAFAYPAAVSK,sp|A0A498KFL4|ATGSA_MALDO,AAT1GSA,1900.972295,0.31667,9.41,1901.979571
SVADLMVLR,sp|A0A498KFL4|ATGSA_MALDO,AAT1GSA,1002.553185,1.21111,6.63,1003.560461
GRPQYSTTGCYLIVSDNTR,sp|A0A498KFL4|ATGSA_MALDO,AAT1GSA,2130.016395,-0.69474,8.75,2131.023671
AGFGDVNFGWGEPVFAGPAK,sp|A0A498KFL4|ATGSA_MALDO,AAT1GSA,2021.963495,0.085,3.97,2022.970771
NNTEDGILVPMCLSSSAMER,sp|A0A498KFL4|ATGSA_MALDO,AAT1GSA,2165.975515,-0.135,3.75,2166.982791
