Peptide,ProteinID,PredictedMass,Hydrophobicity,pI
MLFPVLLLLK,sp|B7QK46|QPCT_IXOSC,1185.755895,2.24,10.07
LVIGALIIDASALSWHDLK,sp|B7QK46|QPCT_IXOSC,2034.1513049999999,1.12105,4.99
WPR,sp|B7QK46|QPCT_IXOSC,457.243745,-2.33333,11.04
DLRPLAHHDLLYMGQISEEDR,sp|B7QK46|QPCT_IXOSC,2507.2226650000002,-0.81429,4.52
GDFNATLR,sp|B7QK46|QPCT_IXOSC,892.440265,-0.525,6.63
NFLVPR,sp|B7QK46|QPCT_IXOSC,744.4282450000001,0.2,11.04
VVGSQK,sp|B7QK46|QPCT_IXOSC,616.354415,-0.03333,10.07
HR,sp|B7QK46|QPCT_IXOSC,311.170585,-3.85,11.04
EVR,sp|B7QK46|QPCT_IXOSC,402.222675,-1.26667,6.93
EFIVR,sp|B7QK46|QPCT_IXOSC,662.375145,0.7,6.93
SLK,sp|B7QK46|QPCT_IXOSC,346.221615,-0.3,10.07
DLDWDVEEDCFDGQTPHGIKPFCNVIATLNPSACHR,sp|B7QK46|QPCT_IXOSC,4041.8083450000013,-0.46667,3.95
LVLACHYDSLLHK,sp|B7QK46|QPCT_IXOSC,1510.7965949999998,0.6,7.24
EGTFIGATDSAVPCAQLLYLAR,sp|B7QK46|QPCT_IXOSC,2295.156875,0.53182,3.97
SLNGK,sp|B7QK46|QPCT_IXOSC,517.286005,-0.96,10.07
LQNQK,sp|B7QK46|QPCT_IXOSC,629.349675,-2.12,10.07
TR,sp|B7QK46|QPCT_IXOSC,275.159355,-2.6,11.04
GDGLTLQLVFFDGEEAFER,sp|B7QK46|QPCT_IXOSC,2142.026895,-0.08421,3.39
WSSHDSLYGSR,sp|B7QK46|QPCT_IXOSC,1293.573805,-1.2,7.73
HLAQK,sp|B7QK46|QPCT_IXOSC,595.344185,-1.0,10.07
WHEDR,sp|B7QK46|QPCT_IXOSC,741.3194249999999,-3.12,5.19
TSAER,sp|B7QK46|QPCT_IXOSC,562.2710850000001,-1.54,6.93
LESCLER,sp|B7QK46|QPCT_IXOSC,848.406195,-0.31429,4.26
SEIANQIDR,sp|B7QK46|QPCT_IXOSC,1044.519975,-0.94444,3.97
MEVMVLLDLLGAENPR,sp|B7QK46|QPCT_IXOSC,1798.932095,0.54375,3.75
FYSYFGETQPVYR,sp|B7QK46|QPCT_IXOSC,1655.7619950000003,-0.7,6.78
R,sp|B7QK46|QPCT_IXOSC,174.111675,-4.5,11.04
LVNIESR,sp|B7QK46|QPCT_IXOSC,829.465755,0.02857,6.93
LNDAGLMELPR,sp|B7QK46|QPCT_IXOSC,1227.628135,-0.17273,3.97
R,sp|B7QK46|QPCT_IXOSC,174.111675,-4.5,11.04
R,sp|B7QK46|QPCT_IXOSC,174.111675,-4.5,11.04
R,sp|B7QK46|QPCT_IXOSC,174.111675,-4.5,11.04
R,sp|B7QK46|QPCT_IXOSC,174.111675,-4.5,11.04
TNYFSNSSTVGFIEDDHIPFLK,sp|B7QK46|QPCT_IXOSC,2530.2015849999993,-0.28636,4.17
R,sp|B7QK46|QPCT_IXOSC,174.111675,-4.5,11.04
SVPIVHIIPSPFPDVWHTLDDNEQNLHHPTISNLNK,sp|B7QK46|QPCT_IXOSC,4123.0914950000015,-0.44722,5.57
IFK,sp|B7QK46|QPCT_IXOSC,406.257995,1.13333,10.07
AFVSEYLQL,sp|B7QK46|QPCT_IXOSC,1068.549145,0.81111,3.28
MTSSLALVLVFGGAAVCAELALR,sp|B7QK46|QPCT_IXOSC,2291.238095,1.59565,6.21
GGYR,sp|B7QK46|QPCT_IXOSC,451.217925,-1.65,9.83
ER,sp|B7QK46|QPCT_IXOSC,303.15426499999995,-4.0,6.93
SNQDDPEYLELAHYATSTWSAQQPGK,sp|B7QK46|QPCT_IXOSC,2935.326014999999,-1.26923,3.95
THFDTVVEVLK,sp|B7QK46|QPCT_IXOSC,1286.6870249999997,0.33636,5.19
VETQTVAGTNYR,sp|B7QK46|QPCT_IXOSC,1337.657535,-0.71667,6.87
LTLK,sp|B7QK46|QPCT_IXOSC,473.32132499999994,0.75,10.07
VAESTCELTSTYNK,sp|B7QK46|QPCT_IXOSC,1544.702835,-0.50714,4.26
DTCQANANAAQR,sp|B7QK46|QPCT_IXOSC,1261.546945,-1.08333,5.92
TCTTVIYR,sp|B7QK46|QPCT_IXOSC,955.4797050000002,0.4125,8.81
NLQGEK,sp|B7QK46|QPCT_IXOSC,687.355145,-1.83333,6.9
SISSFECAAA,sp|B7QK46|QPCT_IXOSC,984.422235,0.93,3.28
MK,sp|B7QK46|QPCT_IXOSC,277.146015,-1.0,10.07
LFLISAALVVLGLAAVADAIGCSDPSPFQGR,sp|B7QK46|QPCT_IXOSC,3070.6524449999993,1.21613,3.68
WVIGVDK,sp|B7QK46|QPCT_IXOSC,815.454115,0.6,6.61
K,sp|B7QK46|QPCT_IXOSC,146.105525,-3.9,10.07
ECVALVK,sp|B7QK46|QPCT_IXOSC,760.415295,1.3,6.21
EK,sp|B7QK46|QPCT_IXOSC,275.14811499999996,-3.7,6.9
CGNLR,sp|B7QK46|QPCT_IXOSC,561.269315,-0.42,8.89
DYTTGR,sp|B7QK46|QPCT_IXOSC,711.3187650000002,-1.85,6.57
WVR,sp|B7QK46|QPCT_IXOSC,459.259395,-0.4,11.04
GQHVK,sp|B7QK46|QPCT_IXOSC,567.312885,-1.36,10.07
SNCGSIPK,sp|B7QK46|QPCT_IXOSC,804.3799850000001,-0.5,8.86
FTAIATFLKPGNK,sp|B7QK46|QPCT_IXOSC,1406.7921549999999,0.21538,10.61
YLGHAAIFESCASDGIWVYDQWNAKPVER,sp|B7QK46|QPCT_IXOSC,3324.5661750000004,-0.25172,4.47
R,sp|B7QK46|QPCT_IXOSC,174.111675,-4.5,11.04
K,sp|B7QK46|QPCT_IXOSC,146.105525,-3.9,10.07
IR,sp|B7QK46|QPCT_IXOSC,287.19573499999996,0.0,11.04
YGNTGKPNYNGDNFYTIEL,sp|B7QK46|QPCT_IXOSC,2178.985795,-1.15263,3.97
MVLSQR,sp|B7QK46|QPCT_IXOSC,732.3952450000002,0.18333,11.04
QR,sp|B7QK46|QPCT_IXOSC,302.170255,-4.0,11.04
EELNK,sp|B7QK46|QPCT_IXOSC,631.317695,-2.12,4.26
AIADYLASNGFMEALESFK,sp|B7QK46|QPCT_IXOSC,2075.987355,0.29474,3.75
K,sp|B7QK46|QPCT_IXOSC,146.105525,-3.9,10.07
ETDMPGDIDK,sp|B7QK46|QPCT_IXOSC,1119.475385,-1.42,3.33
K,sp|B7QK46|QPCT_IXOSC,146.105525,-3.9,10.07
YAGLLEK,sp|B7QK46|QPCT_IXOSC,792.4381350000001,0.04286,6.85
K,sp|B7QK46|QPCT_IXOSC,146.105525,-3.9,10.07
WTSVIR,sp|B7QK46|QPCT_IXOSC,760.4231650000002,0.3,11.04
LQK,sp|B7QK46|QPCT_IXOSC,387.248165,-1.2,10.07
K,sp|B7QK46|QPCT_IXOSC,146.105525,-3.9,10.07
VMDLEGR,sp|B7QK46|QPCT_IXOSC,818.3956250000001,-0.28571,3.97
LAEAEK,sp|B7QK46|QPCT_IXOSC,659.3489850000001,-0.58333,4.26
EYISGTPSR,sp|B7QK46|QPCT_IXOSC,1008.487615,-1.01111,6.87
EK,sp|B7QK46|QPCT_IXOSC,275.14811499999996,-3.7,6.9
R,sp|B7QK46|QPCT_IXOSC,174.111675,-4.5,11.04
SPTEWIPRPPER,sp|B7QK46|QPCT_IXOSC,1463.7520850000003,-1.69167,7.08
SALLGHR,sp|B7QK46|QPCT_IXOSC,752.4293050000001,0.07143,11.04
APITR,sp|B7QK46|QPCT_IXOSC,556.3332850000002,-0.1,11.04
VLFHPVYSVVVSASEDASIK,sp|B7QK46|QPCT_IXOSC,2146.130975,0.775,5.19
VWDYETGDFER,sp|B7QK46|QPCT_IXOSC,1415.5993350000003,-1.34545,3.46
TIK,sp|B7QK46|QPCT_IXOSC,360.2372649999999,-0.03333,10.07
GHTDSVQDIAFDHTGQFLASCSADMTIK,sp|B7QK46|QPCT_IXOSC,2994.3487350000005,-0.15,4.12
LWDFK,sp|B7QK46|QPCT_IXOSC,707.364245,-0.34,6.61
SYECLR,sp|B7QK46|QPCT_IXOSC,769.342875,-0.63333,6.2
TMHGHDHNVSSVCFLPSGDHVVSCSR,sp|B7QK46|QPCT_IXOSC,2807.232615,-0.17692,6.46
DK,sp|B7QK46|QPCT_IXOSC,261.13246499999997,-3.7,6.61
SIK,sp|B7QK46|QPCT_IXOSC,346.221615,-0.06667,10.07
MWEVATGYCVR,sp|B7QK46|QPCT_IXOSC,1313.5896550000002,0.3,6.2
TFTGHR,sp|B7QK46|QPCT_IXOSC,717.3558150000001,-1.11667,11.04
DWVR,sp|B7QK46|QPCT_IXOSC,574.286335,-1.175,6.63
MVR,sp|B7QK46|QPCT_IXOSC,404.220575,0.53333,11.04
VNSDGSLLASCSNDQTVR,sp|B7QK46|QPCT_IXOSC,1864.8584950000004,-0.33333,3.68
VWVVGTK,sp|B7QK46|QPCT_IXOSC,787.4592050000001,0.95714,10.07
ECK,sp|B7QK46|QPCT_IXOSC,378.157305,-1.63333,6.21
LELR,sp|B7QK46|QPCT_IXOSC,529.3223849999999,-0.1,6.93
EHDHVVECVAWAPAHAQLCGAAGDSNR,sp|B7QK46|QPCT_IXOSC,2842.2663250000005,-0.25926,5.08
RPGAGGAQGTGPFLVSGSR,sp|B7QK46|QPCT_IXOSC,1770.9124850000003,-0.31579,12.48
DK,sp|B7QK46|QPCT_IXOSC,261.13246499999997,-3.7,6.61
TIK,sp|B7QK46|QPCT_IXOSC,360.2372649999999,-0.03333,10.07
VWDVSTGLALFTLVGHDNWVR,sp|B7QK46|QPCT_IXOSC,2384.227665,0.46667,4.99
GVK,sp|B7QK46|QPCT_IXOSC,302.19539499999996,-0.03333,10.07
FHPGGK,sp|B7QK46|QPCT_IXOSC,641.328525,-1.11667,10.07
YLLSASDDK,sp|B7QK46|QPCT_IXOSC,1010.492025,-0.48889,3.68
TLR,sp|B7QK46|QPCT_IXOSC,388.24341499999997,-0.46667,11.04
VWELAHQR,sp|B7QK46|QPCT_IXOSC,1037.540645,-0.725,7.8
CCK,sp|B7QK46|QPCT_IXOSC,352.123905,0.36667,8.15
TLDAHSHFCTSLDFHR,sp|B7QK46|QPCT_IXOSC,1885.8529449999999,-0.4125,6.29
TAPYVVTGSVDQTVK,sp|B7QK46|QPCT_IXOSC,1563.8144149999998,0.1,6.55
VWECR,sp|B7QK46|QPCT_IXOSC,691.311175,-0.44,6.21
MASTVALLR,sp|B7QK46|QPCT_IXOSC,960.542625,1.25556,11.04
DSSDDR,sp|B7QK46|QPCT_IXOSC,693.2565549999999,-2.76667,3.39
ENFDDGETDCVQVGR,sp|B7QK46|QPCT_IXOSC,1682.6842050000002,-1.12,3.28
K,sp|B7QK46|QPCT_IXOSC,146.105525,-3.9,10.07
R,sp|B7QK46|QPCT_IXOSC,174.111675,-4.5,11.04
K,sp|B7QK46|QPCT_IXOSC,146.105525,-3.9,10.07
LTVFFYPLLLVFWLLR,sp|B7QK46|QPCT_IXOSC,2039.2011650000002,1.9125,9.83
WVFYQFFLVLCFVCR,sp|B7QK46|QPCT_IXOSC,1968.9782650000002,1.74667,8.14
GFVPR,sp|B7QK46|QPCT_IXOSC,574.322715,0.1,11.04
R,sp|B7QK46|QPCT_IXOSC,174.111675,-4.5,11.04
HLATAETTTTMATAEEPDANLLIR,sp|B7QK46|QPCT_IXOSC,2569.2693450000006,-0.175,4.11
QK,sp|B7QK46|QPCT_IXOSC,274.164105,-3.7,10.07
QHHK,sp|B7QK46|QPCT_IXOSC,548.281925,-3.45,10.07
K,sp|B7QK46|QPCT_IXOSC,146.105525,-3.9,10.07
AFDFISK,sp|B7QK46|QPCT_IXOSC,826.422485,0.52857,6.61
ALK,sp|B7QK46|QPCT_IXOSC,330.226695,0.56667,10.07
YDEENEDFK,sp|B7QK46|QPCT_IXOSC,1187.461845,-2.6,3.39
EMSIDLYR,sp|B7QK46|QPCT_IXOSC,1025.485175,-0.425,3.97
K,sp|B7QK46|QPCT_IXOSC,146.105525,-3.9,10.07
GIEELQK,sp|B7QK46|QPCT_IXOSC,815.4388650000001,-0.92857,4.26
GIAIDFSK,sp|B7QK46|QPCT_IXOSC,849.4595949999999,0.625,6.61
GQGTTWER,sp|B7QK46|QPCT_IXOSC,933.430435,-1.825,6.93
AHR,sp|B7QK46|QPCT_IXOSC,382.207695,-1.96667,11.04
LSDK,sp|B7QK46|QPCT_IXOSC,461.24855499999995,-1.1,6.61
MK,sp|B7QK46|QPCT_IXOSC,277.146015,-1.0,10.07
VNLEMAR,sp|B7QK46|QPCT_IXOSC,831.427265,0.02857,6.93
DR,sp|B7QK46|QPCT_IXOSC,289.138615,-4.0,6.63
LDFLESMVK,sp|B7QK46|QPCT_IXOSC,1080.5525149999999,0.53333,3.97
IEHLGDHLPWHGGVAPAQR,sp|B7QK46|QPCT_IXOSC,2089.060535,-0.52632,6.31
GQR,sp|B7QK46|QPCT_IXOSC,359.191715,-2.8,11.04
R,sp|B7QK46|QPCT_IXOSC,174.111675,-4.5,11.04
R,sp|B7QK46|QPCT_IXOSC,174.111675,-4.5,11.04
AWQK,sp|B7QK46|QPCT_IXOSC,531.280525,-1.625,10.07
AAPSAPSEPGTGPSWLK,sp|B7QK46|QPCT_IXOSC,1651.820545,-0.55294,6.9
MAENGPAK,sp|B7QK46|QPCT_IXOSC,816.3799750000001,-0.925,6.9
GGPCPTSPR,sp|B7QK46|QPCT_IXOSC,870.401775,-1.01111,8.89
LQR,sp|B7QK46|QPCT_IXOSC,415.25431499999996,-1.4,11.04
SNTGVTLR,sp|B7QK46|QPCT_IXOSC,846.455925,-0.325,11.04
R,sp|B7QK46|QPCT_IXOSC,174.111675,-4.5,11.04
QQQQQLGGVSTVSR,sp|B7QK46|QPCT_IXOSC,1514.7801150000003,-0.92143,11.04
SQTLPR,sp|B7QK46|QPCT_IXOSC,700.3867850000001,-1.21667,11.04
NSVPCPR,sp|B7QK46|QPCT_IXOSC,771.3697550000002,-0.75714,8.89
MSAR,sp|B7QK46|QPCT_IXOSC,463.221305,-0.4,11.04
SPSR,sp|B7QK46|QPCT_IXOSC,445.228495,-1.925,11.04
K,sp|B7QK46|QPCT_IXOSC,146.105525,-3.9,10.07
AGNNEAVPTPNTAR,sp|B7QK46|QPCT_IXOSC,1410.685135,-0.99286,6.93
R,sp|B7QK46|QPCT_IXOSC,174.111675,-4.5,11.04
R,sp|B7QK46|QPCT_IXOSC,174.111675,-4.5,11.04
ASQPQVPPVHPR,sp|B7QK46|QPCT_IXOSC,1311.7047450000002,-0.975,11.04
GR,sp|B7QK46|QPCT_IXOSC,231.13313499999998,-2.45,11.04
QPTTR,sp|B7QK46|QPCT_IXOSC,601.3183750000001,-2.2,11.04
GGAAHR,sp|B7QK46|QPCT_IXOSC,567.2877250000001,-0.81667,11.04
GGPPTVSQR,sp|B7QK46|QPCT_IXOSC,897.466815,-1.03333,11.04
SLLSSR,sp|B7QK46|QPCT_IXOSC,661.3758850000002,0.11667,11.04
VPPLK,sp|B7QK46|QPCT_IXOSC,552.3635150000001,0.18,10.07
GVDSR,sp|B7QK46|QPCT_IXOSC,532.260515,-1.0,6.63
LAHLILDEVVDGAPPVLFSDIAGQEVAK,sp|B7QK46|QPCT_IXOSC,2915.5643350000005,0.64643,3.7
QALSEMVILPTDRPELFTGLR,sp|B7QK46|QPCT_IXOSC,2385.272575,0.07619,4.39
APPK,sp|B7QK46|QPCT_IXOSC,411.24815500000005,-1.325,10.07
GLLLFGPPGNGK,sp|B7QK46|QPCT_IXOSC,1168.660405,0.16667,10.07
TMLAK,sp|B7QK46|QPCT_IXOSC,562.314865,0.58,10.07
AVAHESNSTFLNISAASLTSK,sp|B7QK46|QPCT_IXOSC,2147.085835,0.15714,7.78
YVGEGEK,sp|B7QK46|QPCT_IXOSC,780.365365,-1.25714,4.26
LVR,sp|B7QK46|QPCT_IXOSC,386.264145,1.16667,11.04
ALFAVAR,sp|B7QK46|QPCT_IXOSC,746.4438849999999,1.67143,11.04
ELQPSIIFIDEVDSLLSER,sp|B7QK46|QPCT_IXOSC,2202.141935,0.12632,3.39
K,sp|B7QK46|QPCT_IXOSC,146.105525,-3.9,10.07
DNEHEATR,sp|B7QK46|QPCT_IXOSC,970.410425,-2.575,4.38
R,sp|B7QK46|QPCT_IXOSC,174.111675,-4.5,11.04
LK,sp|B7QK46|QPCT_IXOSC,259.18958499999997,-0.05,10.07
TEFLVEFDGLHTGSEER,sp|B7QK46|QPCT_IXOSC,1964.911545,-0.63529,3.95
VLVMGATNRPQELDDAALR,sp|B7QK46|QPCT_IXOSC,2068.073485,-0.11053,4.19
R,sp|B7QK46|QPCT_IXOSC,174.111675,-4.5,11.04
FTK,sp|B7QK46|QPCT_IXOSC,394.221615,-0.6,10.07
R,sp|B7QK46|QPCT_IXOSC,174.111675,-4.5,11.04
VYVTLPDHNTR,sp|B7QK46|QPCT_IXOSC,1313.672785,-0.61818,7.73
VILLEK,sp|B7QK46|QPCT_IXOSC,713.4687050000001,1.48333,6.9
LLK,sp|B7QK46|QPCT_IXOSC,372.27364499999993,1.23333,10.07
K,sp|B7QK46|QPCT_IXOSC,146.105525,-3.9,10.07
HNNPLSADK,sp|B7QK46|QPCT_IXOSC,994.483195,-1.6,7.78
LK,sp|B7QK46|QPCT_IXOSC,259.18958499999997,-0.05,10.07
YLAR,sp|B7QK46|QPCT_IXOSC,521.296175,-0.05,9.83
LTEGYSGSDLTALAK,sp|B7QK46|QPCT_IXOSC,1524.7671249999996,-0.06667,3.97
DAALGPIR,sp|B7QK46|QPCT_IXOSC,811.455175,0.2375,6.63
ELNPEQVR,sp|B7QK46|QPCT_IXOSC,983.5035950000001,-1.5125,4.26
CVDPK,sp|B7QK46|QPCT_IXOSC,560.2628250000001,-0.46,5.92
K,sp|B7QK46|QPCT_IXOSC,146.105525,-3.9,10.07
MR,sp|B7QK46|QPCT_IXOSC,305.152165,-1.3,11.04
NISLQDFLDSLK,sp|B7QK46|QPCT_IXOSC,1391.729625,-0.06667,3.68
K,sp|B7QK46|QPCT_IXOSC,146.105525,-3.9,10.07
VR,sp|B7QK46|QPCT_IXOSC,273.180085,-0.15,11.04
R,sp|B7QK46|QPCT_IXOSC,174.111675,-4.5,11.04
SVTPQSLDFFDR,sp|B7QK46|QPCT_IXOSC,1410.677925,-0.44167,3.68
WNR,sp|B7QK46|QPCT_IXOSC,474.23391499999997,-2.96667,11.04
EFGDITV,sp|B7QK46|QPCT_IXOSC,779.370115,0.48571,2.91
MGLTETTLVLVSLAFFASAVAHNCQNGTRPASEEK,sp|B7QK46|QPCT_IXOSC,3691.833765000001,0.18857,5.4
R,sp|B7QK46|QPCT_IXOSC,174.111675,-4.5,11.04
EGCDYYCWNAETNSWDK,sp|B7QK46|QPCT_IXOSC,2082.772385,-1.43529,3.46
FFFGNGER,sp|B7QK46|QPCT_IXOSC,972.4453450000001,-0.4875,6.93
CFYNDGGEGLCQNGECHLTTDSSVPNDSDV,sp|B7QK46|QPCT_IXOSC,3175.244085,-0.67333,3.15
MIR,sp|B7QK46|QPCT_IXOSC,418.236225,0.63333,11.04
IFALITALAITVK,sp|B7QK46|QPCT_IXOSC,1372.8693349999999,2.16923,10.07
CQDDR,sp|B7QK46|QPCT_IXOSC,635.2333249999999,-2.5,3.68
RPFYVIGHMVNSIPQVSQFLELGTNAIESDVEFSENGTALR,sp|B7QK46|QPCT_IXOSC,4564.269595,-0.04634,4.32
TFHGLPCDCLR,sp|B7QK46|QPCT_IXOSC,1260.574335,0.13636,6.92
R,sp|B7QK46|QPCT_IXOSC,174.111675,-4.5,11.04
CK,sp|B7QK46|QPCT_IXOSC,249.114715,-0.7,8.86
ESADIVDYFQYIR,sp|B7QK46|QPCT_IXOSC,1617.7674650000001,-0.31538,3.55
NVTGFR,sp|B7QK46|QPCT_IXOSC,692.360565,-0.35,11.04
HSEYSEK,sp|B7QK46|QPCT_IXOSC,878.377005,-2.42857,5.29
LLLVFLDLK,sp|B7QK46|QPCT_IXOSC,1072.6895849999999,2.06667,6.61
VSK,sp|B7QK46|QPCT_IXOSC,332.20596499999994,-0.16667,10.07
LPPESK,sp|B7QK46|QPCT_IXOSC,669.369725,-1.26667,6.9
YAAGVDIATK,sp|B7QK46|QPCT_IXOSC,1007.528735,0.43,6.55
LVLHLWDGVPFYDAMNVLLSIGR,sp|B7QK46|QPCT_IXOSC,2627.3933450000004,0.82609,4.99
ASDMAVLTGAIDTIIGFDPSLSLFNHVGFDVGLNDK,sp|B7QK46|QPCT_IXOSC,3748.865745,0.51111,3.5
LENIAK,sp|B7QK46|QPCT_IXOSC,686.3962750000001,-0.13333,6.9
MYER,sp|B7QK46|QPCT_IXOSC,597.2580850000002,-1.85,6.87
LGVNGHR,sp|B7QK46|QPCT_IXOSC,751.408905,-0.57143,11.04
WQGDGITNCLVNLR,sp|B7QK46|QPCT_IXOSC,1587.7827450000002,-0.15,5.92
SPLR,sp|B7QK46|QPCT_IXOSC,471.280525,-0.775,11.04
LK,sp|B7QK46|QPCT_IXOSC,259.18958499999997,-0.05,10.07
ETISYR,sp|B7QK46|QPCT_IXOSC,767.381365,-1.05,6.87
DTNK,sp|B7QK46|QPCT_IXOSC,476.22307499999994,-2.9,6.61
R,sp|B7QK46|QPCT_IXOSC,174.111675,-4.5,11.04
ESYVDK,sp|B7QK46|QPCT_IXOSC,739.338825,-1.46667,3.97
VYYWTVDK,sp|B7QK46|QPCT_IXOSC,1072.522935,-0.4,6.5
VATIR,sp|B7QK46|QPCT_IXOSC,558.348935,1.06,11.04
K,sp|B7QK46|QPCT_IXOSC,146.105525,-3.9,10.07
TIR,sp|B7QK46|QPCT_IXOSC,388.24341499999997,-0.23333,11.04
R,sp|B7QK46|QPCT_IXOSC,174.111675,-4.5,11.04
GVDAIITNRPK,sp|B7QK46|QPCT_IXOSC,1182.672045,-0.28182,10.06
R,sp|B7QK46|QPCT_IXOSC,174.111675,-4.5,11.04
VTGVLEEDEFK,sp|B7QK46|QPCT_IXOSC,1264.618665,-0.36364,3.61
K,sp|B7QK46|QPCT_IXOSC,146.105525,-3.9,10.07
TVRPATYR,sp|B7QK46|QPCT_IXOSC,962.529755,-0.9125,11.19
DDPWMR,sp|B7QK46|QPCT_IXOSC,818.338115,-2.01667,3.68
LQSK,sp|B7QK46|QPCT_IXOSC,474.280195,-1.1,10.07
TTGR,sp|B7QK46|QPCT_IXOSC,433.228495,-1.575,11.04
GNELDSDMDEMGDEASEFDFEPFSYPLSPR,sp|B7QK46|QPCT_IXOSC,3425.386345,-1.05,3.0
RPLSSR,sp|B7QK46|QPCT_IXOSC,714.413665,-1.4,12.48
SPAIR,sp|B7QK46|QPCT_IXOSC,542.3176350000001,-0.12,11.04
DSYNVWPQYNPLSPFY,sp|B7QK46|QPCT_IXOSC,1988.8944650000003,-0.9,2.98
MTSTFALVLLLGGMAVCVATGVFGGYSER,sp|B7QK46|QPCT_IXOSC,2949.4801949999996,1.18276,6.2
ANHQANPEFLNLAHYATSTWSAQQPGK,sp|B7QK46|QPCT_IXOSC,2980.4215849999996,-0.8963,7.87
THFDTVAEVVK,sp|B7QK46|QPCT_IXOSC,1244.6400749999998,0.15455,5.19
VETQVVAGTNYR,sp|B7QK46|QPCT_IXOSC,1335.678265,-0.30833,6.87
LTLK,sp|B7QK46|QPCT_IXOSC,473.32132499999994,0.75,10.07
VAESTCELTSTYNK,sp|B7QK46|QPCT_IXOSC,1544.702835,-0.50714,4.26
DTCLPK,sp|B7QK46|QPCT_IXOSC,675.3261550000001,-0.56667,5.92
ADAAHR,sp|B7QK46|QPCT_IXOSC,639.308855,-0.96667,7.8
TCTTVVFENLQGDK,sp|B7QK46|QPCT_IXOSC,1553.7395449999997,-0.20714,3.97
SVSPFECEAA,sp|B7QK46|QPCT_IXOSC,1038.432795,0.29,3.11
MGLTGTMLVLVSLAFFGSAAAHNCQNGTRPASEQDR,sp|B7QK46|QPCT_IXOSC,3749.8075750000007,0.1,7.09
EGCDYYCWNAETK,sp|B7QK46|QPCT_IXOSC,1580.5911749999998,-1.20769,3.75
SWDQFFFGNGEK,sp|B7QK46|QPCT_IXOSC,1460.636055,-1.0,3.97
CFYNSGDHGTCQNGECHLTNNSGGPNETDDYTPAPTEKPK,sp|B7QK46|QPCT_IXOSC,4297.764735000001,-1.41,4.28
QK,sp|B7QK46|QPCT_IXOSC,274.164105,-3.7,10.07
K,sp|B7QK46|QPCT_IXOSC,146.105525,-3.9,10.07
K,sp|B7QK46|QPCT_IXOSC,146.105525,-3.9,10.07
K,sp|B7QK46|QPCT_IXOSC,146.105525,-3.9,10.07
TK,sp|B7QK46|QPCT_IXOSC,247.15320499999996,-2.3,10.07
K,sp|B7QK46|QPCT_IXOSC,146.105525,-3.9,10.07
TK,sp|B7QK46|QPCT_IXOSC,247.15320499999996,-2.3,10.07
KPK,sp|B7QK46|QPCT_IXOSC,371.25324499999994,-3.13333,10.61
R,sp|B7QK46|QPCT_IXOSC,174.111675,-4.5,11.04
K,sp|B7QK46|QPCT_IXOSC,146.105525,-3.9,10.07
SK,sp|B7QK46|QPCT_IXOSC,233.13755499999996,-2.35,10.07
K,sp|B7QK46|QPCT_IXOSC,146.105525,-3.9,10.07
DQEK,sp|B7QK46|QPCT_IXOSC,518.233635,-3.6,3.97
NL,sp|B7QK46|QPCT_IXOSC,245.13755499999996,0.15,5.95
MESFVAMK,sp|B7QK46|QPCT_IXOSC,941.435055,0.55,6.9
VVCILFLVGVVAANESGPTK,sp|B7QK46|QPCT_IXOSC,2015.112485,1.36,6.21
ADASTADK,sp|B7QK46|QPCT_IXOSC,777.350445,-0.875,3.68
DTK,sp|B7QK46|QPCT_IXOSC,362.180145,-2.7,6.61
K,sp|B7QK46|QPCT_IXOSC,146.105525,-3.9,10.07
NNVQLR,sp|B7QK46|QPCT_IXOSC,742.4085850000001,-1.16667,11.04
FPNYISNHQK,sp|B7QK46|QPCT_IXOSC,1246.609465,-1.4,9.71
LALK,sp|B7QK46|QPCT_IXOSC,443.31075500000003,1.375,10.07
LLK,sp|B7QK46|QPCT_IXOSC,372.27364499999993,1.23333,10.07
ICK,sp|B7QK46|QPCT_IXOSC,362.198775,1.03333,8.86
DSK,sp|B7QK46|QPCT_IXOSC,348.16449499999993,-2.73333,6.61
SSHNSLSSR,sp|B7QK46|QPCT_IXOSC,973.457725,-1.26667,11.04
SSDVINDK,sp|B7QK46|QPCT_IXOSC,876.418865,-0.9125,3.68
YVDFK,sp|B7QK46|QPCT_IXOSC,670.332615,-0.34,6.55
NCTFLCK,sp|B7QK46|QPCT_IXOSC,827.3669850000001,0.5,8.15
HGNDVNVTLNLPEDTPCGPNGQTCAEK,sp|B7QK46|QPCT_IXOSC,2822.259925,-0.88519,3.95
NK,sp|B7QK46|QPCT_IXOSC,260.14845499999996,-3.7,10.07
CVGHIPGC,sp|B7QK46|QPCT_IXOSC,784.3360050000001,1.0125,6.92
MR,sp|B7QK46|QPCT_IXOSC,305.152165,-1.3,11.04
AVSCFLYYGVAWIALGSWGASSSAER,sp|B7QK46|QPCT_IXOSC,2750.316225,0.66154,6.2
VSEMDIYEFESWVSCLDPEQVTCESQEGTHASYNR,sp|B7QK46|QPCT_IXOSC,4067.7135350000003,-0.70571,3.6
K,sp|B7QK46|QPCT_IXOSC,146.105525,-3.9,10.07
TGQCEEQK,sp|B7QK46|QPCT_IXOSC,921.386195,-2.0625,4.26
GTECGGGENHFETLLK,sp|B7QK46|QPCT_IXOSC,1690.7620549999997,-0.7,4.54
CNESCNDAPKPPCSLEVDYGVGR,sp|B7QK46|QPCT_IXOSC,2452.045705,-0.71304,3.96
ANIPR,sp|B7QK46|QPCT_IXOSC,569.3285350000001,-0.66,11.04
WYYDTNNATCEMFTYGGITGNK,sp|B7QK46|QPCT_IXOSC,2548.067505,-0.75909,3.97
NNFESEEECK,sp|B7QK46|QPCT_IXOSC,1227.471375,-2.04,3.79
ETCK,sp|B7QK46|QPCT_IXOSC,479.2049849999999,-1.4,6.21
GFSLLK,sp|B7QK46|QPCT_IXOSC,663.3955450000001,0.88333,10.07
K,sp|B7QK46|QPCT_IXOSC,146.105525,-3.9,10.07
VNVTIN,sp|B7QK46|QPCT_IXOSC,658.364985,0.86667,5.95
MSVDLSSYR,sp|B7QK46|QPCT_IXOSC,1056.490995,-0.2,6.57
DQHFK,sp|B7QK46|QPCT_IXOSC,673.3183650000001,-2.26,7.78
GSR,sp|B7QK46|QPCT_IXOSC,318.165165,-1.9,11.04
SEQER,sp|B7QK46|QPCT_IXOSC,647.2874650000001,-3.16,4.26
LLR,sp|B7QK46|QPCT_IXOSC,400.279795,1.03333,11.04
LSTTLYVGNMSFYTTEEQIYELFSK,sp|B7QK46|QPCT_IXOSC,2963.415025,-0.132,3.96
CGDVK,sp|B7QK46|QPCT_IXOSC,520.231525,-0.22,5.92
K,sp|B7QK46|QPCT_IXOSC,146.105525,-3.9,10.07
VIMGLDR,sp|B7QK46|QPCT_IXOSC,802.437095,0.85714,6.63
FHK,sp|B7QK46|QPCT_IXOSC,430.23284499999994,-1.43333,10.07
TPCGFCFVEYYTR,sp|B7QK46|QPCT_IXOSC,1584.6741149999998,0.06154,6.06
EDAENAIR,sp|B7QK46|QPCT_IXOSC,916.425005,-1.3,3.75
YVNGTK,sp|B7QK46|QPCT_IXOSC,680.3493350000001,-0.93333,9.71
LDDR,sp|B7QK46|QPCT_IXOSC,517.249615,-1.925,3.68
IIR,sp|B7QK46|QPCT_IXOSC,400.279795,1.5,11.04
TDWDAGFVEGR,sp|B7QK46|QPCT_IXOSC,1251.551985,-0.78182,3.55
QFGR,sp|B7QK46|QPCT_IXOSC,506.26012499999996,-1.4,11.04
GK,sp|B7QK46|QPCT_IXOSC,203.126985,-2.15,10.07
SGGQVR,sp|B7QK46|QPCT_IXOSC,602.313615,-0.9,11.04
DEYR,sp|B7QK46|QPCT_IXOSC,581.244535,-3.2,3.97
TDYDSGR,sp|B7QK46|QPCT_IXOSC,812.3300550000001,-2.1,3.68
GGYGK,sp|B7QK46|QPCT_IXOSC,480.233235,-1.28,9.71
LMAQR,sp|B7QK46|QPCT_IXOSC,617.331915,-0.1,11.04
VVPPPAVV,sp|B7QK46|QPCT_IXOSC,776.479595,1.725,5.95
MVPHVPEGCSVQQQLVCSVIPPLNSER,sp|B7QK46|QPCT_IXOSC,2945.456125,0.07778,5.29
R,sp|B7QK46|QPCT_IXOSC,174.111675,-4.5,11.04
K,sp|B7QK46|QPCT_IXOSC,146.105525,-3.9,10.07
GQAGR,sp|B7QK46|QPCT_IXOSC,487.25028499999996,-1.4,11.04
VGIVGGSAEYTGAPYFAAMAALR,sp|B7QK46|QPCT_IXOSC,2271.135735,0.73478,6.81
TGADLVHVFCHPSAATAIK,sp|B7QK46|QPCT_IXOSC,1936.9828749999997,0.58947,7.24
AYSPELIVHPTLDAAVTCLPR,sp|B7QK46|QPCT_IXOSC,2265.1826949999995,0.4381,5.19
LHAVVVGPGLGR,sp|B7QK46|QPCT_IXOSC,1173.6981850000002,0.95833,11.04
DVEASWMPTLFNR,sp|B7QK46|QPCT_IXOSC,1564.7343950000002,-0.34615,3.97
IR,sp|B7QK46|QPCT_IXOSC,287.19573499999996,0.0,11.04
EQGLPVVVDADGLFYVTQNPDLVR,sp|B7QK46|QPCT_IXOSC,2643.3543750000003,0.08333,3.33
GYSR,sp|B7QK46|QPCT_IXOSC,481.228495,-1.75,9.83
AILTPNAVELDR,sp|B7QK46|QPCT_IXOSC,1310.719385,0.21667,3.97
LYR,sp|B7QK46|QPCT_IXOSC,450.25906499999996,-0.66667,9.83
AVLGSPPR,sp|B7QK46|QPCT_IXOSC,795.4602650000002,0.1125,11.04
ENAVPELAR,sp|B7QK46|QPCT_IXOSC,997.519235,-0.55556,4.26
ALGHVTVLAK,sp|B7QK46|QPCT_IXOSC,1007.612735,1.14,10.07
GSEDIISDGHR,sp|B7QK46|QPCT_IXOSC,1184.542155,-1.05455,4.17
LLR,sp|B7QK46|QPCT_IXOSC,400.279795,1.03333,11.04
CTEQGSPR,sp|B7QK46|QPCT_IXOSC,876.3759650000002,-1.5625,6.21
R,sp|B7QK46|QPCT_IXOSC,174.111675,-4.5,11.04
CGGQGDLVSGSLALFAFWSHSAHDTPGEASK,sp|B7QK46|QPCT_IXOSC,3131.440635000001,-0.08387,5.06
R,sp|B7QK46|QPCT_IXOSC,174.111675,-4.5,11.04
QNSEYGPAMIAALGAAMLVR,sp|B7QK46|QPCT_IXOSC,2062.033935,0.48,6.87
R,sp|B7QK46|QPCT_IXOSC,174.111675,-4.5,11.04
CGR,sp|B7QK46|QPCT_IXOSC,334.14232499999997,-0.8,8.89
LAFQK,sp|B7QK46|QPCT_IXOSC,605.353685,0.2,10.07
MAR,sp|B7QK46|QPCT_IXOSC,376.189275,-0.26667,11.04
STLSSDMLAEVR,sp|B7QK46|QPCT_IXOSC,1307.6391050000002,0.075,3.97
TAFSMLFPVD,sp|B7QK46|QPCT_IXOSC,1126.536865,1.07,2.98
MLSLTIK,sp|B7QK46|QPCT_IXOSC,804.4779050000001,1.22857,10.07
ELVSHFK,sp|B7QK46|QPCT_IXOSC,858.4599350000001,-0.08571,7.78
AK,sp|B7QK46|QPCT_IXOSC,217.14263499999998,-1.05,10.07
K,sp|B7QK46|QPCT_IXOSC,146.105525,-3.9,10.07
CSPVDICATCIK,sp|B7QK46|QPCT_IXOSC,1251.5661449999998,1.0,5.68
EINDSSFLNAFVTVLPEAAEK,sp|B7QK46|QPCT_IXOSC,2293.1477449999998,0.12857,3.61
QAR,sp|B7QK46|QPCT_IXOSC,373.207365,-2.06667,11.04
ESHAR,sp|B7QK46|QPCT_IXOSC,598.2823149999999,-2.04,7.8
WK,sp|B7QK46|QPCT_IXOSC,332.18483499999996,-2.4,10.07
SGKPR,sp|B7QK46|QPCT_IXOSC,543.312885,-2.24,11.54
GPLDGVPIAVK,sp|B7QK46|QPCT_IXOSC,1064.622955,0.64545,6.61
DNFCMTGVR,sp|B7QK46|QPCT_IXOSC,1041.437185,-0.13333,5.92
TTCGSR,sp|B7QK46|QPCT_IXOSC,623.2697150000001,-0.76667,8.89
MLANFYPPYTATVVER,sp|B7QK46|QPCT_IXOSC,1870.9287350000002,0.1125,6.81
LQGEGAVVLGK,sp|B7QK46|QPCT_IXOSC,1069.613125,0.51818,6.9
TNMDEFGMGSGATDSAFGPTK,sp|B7QK46|QPCT_IXOSC,2119.882645,-0.5619,3.55
NPWK,sp|B7QK46|QPCT_IXOSC,543.280525,-2.475,10.07
NAGEAADDWYITGGSSGGSAVAVATGCSFGALGSDTGGSTR,sp|B7QK46|QPCT_IXOSC,3779.6604650000004,-0.02927,3.33
NPASR,sp|B7QK46|QPCT_IXOSC,543.276505,-1.72,11.04
CGVVGLKPTYGALSR,sp|B7QK46|QPCT_IXOSC,1519.818055,0.42,9.73
HGLIPLTNSMDVPGILAK,sp|B7QK46|QPCT_IXOSC,1875.0287649999998,0.48333,7.78
CVDDAAVLLSATACADPNDSTSVSAPDSVR,sp|B7QK46|QPCT_IXOSC,2949.333135,0.20333,3.11
HLK,sp|B7QK46|QPCT_IXOSC,396.248495,-1.1,10.07
LAGEPSLK,sp|B7QK46|QPCT_IXOSC,813.459595,-0.1,6.9
GVK,sp|B7QK46|QPCT_IXOSC,302.19539499999996,-0.03333,10.07
IGVPK,sp|B7QK46|QPCT_IXOSC,512.332215,0.56,10.07
EYHCPGMCPEVLDLWR,sp|B7QK46|QPCT_IXOSC,1946.847725,-0.33125,4.38
DVADR,sp|B7QK46|QPCT_IXOSC,574.2710750000001,-1.1,3.68
LAALGAVVSSVSLPHSR,sp|B7QK46|QPCT_IXOSC,1662.941665,0.97059,11.04
YSTECYSVLNCCEVASNFAR,sp|B7QK46|QPCT_IXOSC,2257.9442250000006,0.095,4.26
YDGLEYGHR,sp|B7QK46|QPCT_IXOSC,1108.493755,-1.58889,5.19
ASDDSSTDALYAASR,sp|B7QK46|QPCT_IXOSC,1528.6641250000002,-0.61333,3.39
HEGLNEVVR,sp|B7QK46|QPCT_IXOSC,1051.541035,-0.71111,5.29
GR,sp|B7QK46|QPCT_IXOSC,231.13313499999998,-2.45,11.04
ILAGNYFLLR,sp|B7QK46|QPCT_IXOSC,1178.681155,1.08,9.83
ANYEK,sp|B7QK46|QPCT_IXOSC,623.2914850000001,-2.08,6.85
YFTK,sp|B7QK46|QPCT_IXOSC,557.2849450000001,-0.775,9.71
ALQVR,sp|B7QK46|QPCT_IXOSC,585.359835,0.36,11.04
R,sp|B7QK46|QPCT_IXOSC,174.111675,-4.5,11.04
LISDDFTK,sp|B7QK46|QPCT_IXOSC,937.475645,-0.1625,3.68
VFASGVELLLTPVTLTAALR,sp|B7QK46|QPCT_IXOSC,2070.2088249999997,1.345,6.93
HSEWTLK,sp|B7QK46|QPCT_IXOSC,899.450105,-1.31429,7.78
DNR,sp|B7QK46|QPCT_IXOSC,403.18154499999997,-3.83333,6.63
ER,sp|B7QK46|QPCT_IXOSC,303.15426499999995,-4.0,6.93
ASVEDFCTQPVNMAGLPAVSVPCR,sp|B7QK46|QPCT_IXOSC,2490.1705050000005,0.40417,3.97
LSR,sp|B7QK46|QPCT_IXOSC,374.227765,-0.5,11.04
EGLPLSLQLVGPK,sp|B7QK46|QPCT_IXOSC,1349.791815,0.28462,6.9
FSEAAMLAAAK,sp|B7QK46|QPCT_IXOSC,1108.5586549999998,0.84545,6.9
R,sp|B7QK46|QPCT_IXOSC,174.111675,-4.5,11.04
LELELSFPR,sp|B7QK46|QPCT_IXOSC,1102.602235,0.03333,4.26
LDLQLHAHQESYATL,sp|B7QK46|QPCT_IXOSC,1737.868575,-0.29333,5.02
MFR,sp|B7QK46|QPCT_IXOSC,452.220575,0.06667,11.04
TPHTLQFCSVHYK,sp|B7QK46|QPCT_IXOSC,1559.755475,-0.43077,8.79
TFIDAIHALQSR,sp|B7QK46|QPCT_IXOSC,1370.7306250000001,0.25,7.8
ISQK,sp|B7QK46|QPCT_IXOSC,474.280195,-0.925,10.07
VLCR,sp|B7QK46|QPCT_IXOSC,489.273335,1.5,8.89
SCSSR,sp|B7QK46|QPCT_IXOSC,538.2169550000001,-0.88,8.89
VSGPAK,sp|B7QK46|QPCT_IXOSC,557.3172950000001,-0.11667,10.07
K,sp|B7QK46|QPCT_IXOSC,146.105525,-3.9,10.07
YDVDPSQFPQENIR,sp|B7QK46|QPCT_IXOSC,1706.7899949999999,-1.37857,3.55
NFCIVAHVDHGK,sp|B7QK46|QPCT_IXOSC,1338.6502649999998,0.19167,7.24
STLSDR,sp|B7QK46|QPCT_IXOSC,677.334415,-1.08333,6.63
LLEFTDTIR,sp|B7QK46|QPCT_IXOSC,1106.597155,0.22222,3.97
TSK,sp|B7QK46|QPCT_IXOSC,334.185235,-1.8,10.07
DNQQVLDR,sp|B7QK46|QPCT_IXOSC,986.4781150000001,-1.75,3.68
LPVER,sp|B7QK46|QPCT_IXOSC,612.3594950000002,-0.32,6.93
ER,sp|B7QK46|QPCT_IXOSC,303.15426499999995,-4.0,6.93
GITVK,sp|B7QK46|QPCT_IXOSC,516.327135,0.74,10.07
AQTVSMVYHRPGHESPFLLNLIDTPGHVDFSYEVLR,sp|B7QK46|QPCT_IXOSC,4124.057755,-0.16111,5.75
SVAVCQGVILLVDANQGVQAQTVANFNMAFCSDLTILPVLNK,sp|B7QK46|QPCT_IXOSC,4403.269075000001,0.82381,3.68
VDLK,sp|B7QK46|QPCT_IXOSC,473.28493499999996,0.15,6.61
NADVEGVTSQMENLFGTR,sp|B7QK46|QPCT_IXOSC,1966.9054350000001,-0.54444,3.75
R,sp|B7QK46|QPCT_IXOSC,174.111675,-4.5,11.04
EDVLK,sp|B7QK46|QPCT_IXOSC,602.327525,-0.58,3.97
VSAK,sp|B7QK46|QPCT_IXOSC,403.2430749999999,0.325,10.07
LGTGVEELIEAIIDR,sp|B7QK46|QPCT_IXOSC,1626.882805,0.47333,3.61
IPSPK,sp|B7QK46|QPCT_IXOSC,540.3271350000001,-0.68,10.07
GDADAK,sp|B7QK46|QPCT_IXOSC,575.255085,-1.28333,3.68
FR,sp|B7QK46|QPCT_IXOSC,321.180085,-0.85,11.04
GFLLDSWYDR,sp|B7QK46|QPCT_IXOSC,1270.598215,-0.45,3.68
YR,sp|B7QK46|QPCT_IXOSC,337.175005,-2.9,9.83
GVIALLMAVDGTLR,sp|B7QK46|QPCT_IXOSC,1427.8169849999997,1.45,6.63
LGDEIISHMTGTSYTVR,sp|B7QK46|QPCT_IXOSC,1878.9145449999999,-0.09412,5.19
DLGFLNPLETPTAMLCAGQAGYVVANMR,sp|B7QK46|QPCT_IXOSC,2951.434315,0.38571,3.97
SPK,sp|B7QK46|QPCT_IXOSC,330.190315,-2.1,10.07
EAHVGDTLSHK,sp|B7QK46|QPCT_IXOSC,1192.583625,-0.85455,6.02
SADIKPLPK,sp|B7QK46|QPCT_IXOSC,967.5702050000002,-0.57778,9.86
LEESKPMVFAGIYPEDQSQNNELR,sp|B7QK46|QPCT_IXOSC,2793.3279250000005,-0.98333,3.95
SAIDR,sp|B7QK46|QPCT_IXOSC,560.291815,-0.5,6.63
LLLNDPSVQVSIESNPALGQGWR,sp|B7QK46|QPCT_IXOSC,2492.302295,-0.12609,3.97
LGFLGLLHMDVFCQR,sp|B7QK46|QPCT_IXOSC,1747.890175,0.92667,7.08
LDQEFDAQVVVTAPSVSYK,sp|B7QK46|QPCT_IXOSC,2095.0473150000003,0.02105,3.55
VK,sp|B7QK46|QPCT_IXOSC,245.17393499999997,0.15,10.07
VHGAK,sp|B7QK46|QPCT_IXOSC,510.291415,-0.3,10.07
NIK,sp|B7QK46|QPCT_IXOSC,373.232515,-0.96667,10.07
K,sp|B7QK46|QPCT_IXOSC,146.105525,-3.9,10.07
YGGEMVTVNNPLHLPDR,sp|B7QK46|QPCT_IXOSC,1910.9308549999998,-0.57647,5.19
SIIR,sp|B7QK46|QPCT_IXOSC,487.311825,0.925,11.04
EYYEPMAFGTIITPGTYLR,sp|B7QK46|QPCT_IXOSC,2221.0765149999993,-0.11579,4.26
DVTSLCVDR,sp|B7QK46|QPCT_IXOSC,1006.4753350000001,0.18889,3.68
R,sp|B7QK46|QPCT_IXOSC,174.111675,-4.5,11.04
GVPK,sp|B7QK46|QPCT_IXOSC,399.24815499999994,-0.425,10.07
STQDVDDNTILLQYK,sp|B7QK46|QPCT_IXOSC,1751.8577449999993,-0.80667,3.39
FPLNEIIVDFYDELK,sp|B7QK46|QPCT_IXOSC,1853.9450749999999,0.14,3.46
SITSGYASFDYEETGYEESSLVQMQILINGK,sp|B7QK46|QPCT_IXOSC,3458.6075149999997,-0.34194,3.52
VVEELTTIVHTTR,sp|B7QK46|QPCT_IXOSC,1496.819835,0.26154,5.29
AQR,sp|B7QK46|QPCT_IXOSC,373.207365,-2.06667,11.04
VGR,sp|B7QK46|QPCT_IXOSC,330.20154499999995,-0.23333,11.04
SMLLK,sp|B7QK46|QPCT_IXOSC,590.346165,0.96,10.07
LK,sp|B7QK46|QPCT_IXOSC,259.18958499999997,-0.05,10.07
ECIPQQLYAVALQAAVGAK,sp|B7QK46|QPCT_IXOSC,1972.045145,0.56842,6.2
VLAR,sp|B7QK46|QPCT_IXOSC,457.30125499999997,1.325,11.04
EDIR,sp|B7QK46|QPCT_IXOSC,531.265265,-1.75,3.97
ALK,sp|B7QK46|QPCT_IXOSC,330.226695,0.56667,10.07
K,sp|B7QK46|QPCT_IXOSC,146.105525,-3.9,10.07
NVLAK,sp|B7QK46|QPCT_IXOSC,543.338035,0.48,10.07
CYGGDITR,sp|B7QK46|QPCT_IXOSC,883.3857950000001,-0.475,5.92
K,sp|B7QK46|QPCT_IXOSC,146.105525,-3.9,10.07
VK,sp|B7QK46|QPCT_IXOSC,245.17393499999997,0.15,10.07
LLK,sp|B7QK46|QPCT_IXOSC,372.27364499999993,1.23333,10.07
R,sp|B7QK46|QPCT_IXOSC,174.111675,-4.5,11.04
HSEK,sp|B7QK46|QPCT_IXOSC,499.23905499999995,-2.85,7.78
QK,sp|B7QK46|QPCT_IXOSC,274.164105,-3.7,10.07
K,sp|B7QK46|QPCT_IXOSC,146.105525,-3.9,10.07
LR,sp|B7QK46|QPCT_IXOSC,287.19573499999996,-0.35,11.04
LIGNVEVPR,sp|B7QK46|QPCT_IXOSC,995.5763550000001,0.35556,6.93
DAFIK,sp|B7QK46|QPCT_IXOSC,592.3220450000001,0.34,6.61
VLK,sp|B7QK46|QPCT_IXOSC,358.257995,1.36667,10.07
R,sp|B7QK46|QPCT_IXOSC,174.111675,-4.5,11.04
T,sp|B7QK46|QPCT_IXOSC,119.058245,-0.7,5.95
MTSSFALVLLLGGVAVCVATGVFGGYSER,sp|B7QK46|QPCT_IXOSC,2903.4924649999994,1.25862,6.2
ANHQANPEFLNLAHYATSTWSAQQPGK,sp|B7QK46|QPCT_IXOSC,2980.4215849999996,-0.8963,7.87
THFDTVAEVLK,sp|B7QK46|QPCT_IXOSC,1258.6557249999998,0.11818,5.19
VETQVVAGTNYR,sp|B7QK46|QPCT_IXOSC,1335.678265,-0.30833,6.87
LTLK,sp|B7QK46|QPCT_IXOSC,473.32132499999994,0.75,10.07
VAESTCELTSTYNK,sp|B7QK46|QPCT_IXOSC,1544.702835,-0.50714,4.26
DTCLPK,sp|B7QK46|QPCT_IXOSC,675.3261550000001,-0.56667,5.92
ADAAHR,sp|B7QK46|QPCT_IXOSC,639.308855,-0.96667,7.8
TCTTVVFESLQGDK,sp|B7QK46|QPCT_IXOSC,1526.728645,-0.01429,3.97
SVSSFECEAA,sp|B7QK46|QPCT_IXOSC,1028.412065,0.37,3.11
MDYGLQEGSR,sp|B7QK46|QPCT_IXOSC,1154.502615,-1.22,3.97
VLILWDGQVK,sp|B7QK46|QPCT_IXOSC,1169.680815,0.83,6.61
ADVLTELVR,sp|B7QK46|QPCT_IXOSC,1014.5709350000002,0.62222,3.97
R,sp|B7QK46|QPCT_IXOSC,174.111675,-4.5,11.04
IQATVK,sp|B7QK46|QPCT_IXOSC,658.401365,0.4,10.07
DDK,sp|B7QK46|QPCT_IXOSC,376.15940499999994,-3.63333,3.68
LCQVENSQQLGK,sp|B7QK46|QPCT_IXOSC,1345.6659949999996,-0.69167,6.21
SHHQTSSFDAVLLGAVTPDMRPTSDCLVDLLSLLKPNGK,sp|B7QK46|QPCT_IXOSC,4162.119035000001,-0.0359,6.01
LSLQLTK,sp|B7QK46|QPCT_IXOSC,801.4959950000001,0.35714,10.07
TDLDCDK,sp|B7QK46|QPCT_IXOSC,808.327275,-1.25714,3.39
LVYNLK,sp|B7QK46|QPCT_IXOSC,748.4483150000001,0.51667,9.71
LSGYVDVSMGSSTDLVEIK,sp|B7QK46|QPCT_IXOSC,1998.9819449999998,0.32632,3.55
CSKPNYEMGSSSK,sp|B7QK46|QPCT_IXOSC,1416.6013550000002,-1.3,8.76
LPFSSAVSSNQK,sp|B7QK46|QPCT_IXOSC,1263.6459049999999,-0.25833,10.07
SSADVSK,sp|B7QK46|QPCT_IXOSC,692.334075,-0.54286,6.61
IWSLSAQDVLDR,sp|B7QK46|QPCT_IXOSC,1401.725205,0.05,3.68
DVELVDPDQLISEEDFK,sp|B7QK46|QPCT_IXOSC,1989.9418349999999,-0.64706,3.13
KPDPSTLK,sp|B7QK46|QPCT_IXOSC,884.4967150000001,-1.525,9.86
ASCGGEK,sp|B7QK46|QPCT_IXOSC,650.269365,-0.67143,6.21
K,sp|B7QK46|QPCT_IXOSC,146.105525,-3.9,10.07
R,sp|B7QK46|QPCT_IXOSC,174.111675,-4.5,11.04
K,sp|B7QK46|QPCT_IXOSC,146.105525,-3.9,10.07
ACK,sp|B7QK46|QPCT_IXOSC,320.151825,0.13333,8.86
NCTCGLAEELDK,sp|B7QK46|QPCT_IXOSC,1294.5533249999999,-0.38333,3.75
EAAAK,sp|B7QK46|QPCT_IXOSC,488.25944499999997,-0.4,6.9
VQPK,sp|B7QK46|QPCT_IXOSC,470.285275,-1.2,10.07
SSCGNCYLGDAFR,sp|B7QK46|QPCT_IXOSC,1391.5598150000003,-0.13846,5.77
CASCPYK,sp|B7QK46|QPCT_IXOSC,770.3091350000001,-0.11429,8.14
GLPAFKPGEK,sp|B7QK46|QPCT_IXOSC,1042.581095,-0.69,9.86
IVLSEDQLAADS,sp|B7QK46|QPCT_IXOSC,1259.624485,0.35833,2.76
MVQAWYMDSDTTTDQR,sp|B7QK46|QPCT_IXOSC,1946.813865,-1.08125,3.39
EEHQLDPPVPVSIDEVR,sp|B7QK46|QPCT_IXOSC,1957.9744750000004,-0.78824,3.82
DK,sp|B7QK46|QPCT_IXOSC,261.13246499999997,-3.7,6.61
SGVLYWK,sp|B7QK46|QPCT_IXOSC,851.454125,0.1,9.71
LNADTYEQDGELEK,sp|B7QK46|QPCT_IXOSC,1623.726385,-1.52857,3.39
IR,sp|B7QK46|QPCT_IXOSC,287.19573499999996,0.0,11.04
K,sp|B7QK46|QPCT_IXOSC,146.105525,-3.9,10.07
DR,sp|B7QK46|QPCT_IXOSC,289.138615,-4.0,6.63
GYSYTDVIEISR,sp|B7QK46|QPCT_IXOSC,1401.677595,-0.3,3.97
DK,sp|B7QK46|QPCT_IXOSC,261.13246499999997,-3.7,6.61
LPNYEDK,sp|B7QK46|QPCT_IXOSC,877.418135,-1.92857,3.97
IK,sp|B7QK46|QPCT_IXOSC,259.18958499999997,0.3,10.07
TFFQEHLHSDEEIR,sp|B7QK46|QPCT_IXOSC,1786.8274350000002,-1.14286,4.58
FILAGSGYFDVR,sp|B7QK46|QPCT_IXOSC,1343.6873550000003,0.75,6.57
DCEDK,sp|B7QK46|QPCT_IXOSC,608.211185,-2.38,3.55
WIR,sp|B7QK46|QPCT_IXOSC,473.275045,-0.3,11.04
IQVTR,sp|B7QK46|QPCT_IXOSC,615.3704050000001,0.0,11.04
GDLLVLPAGIYHR,sp|B7QK46|QPCT_IXOSC,1422.798295,0.53846,7.73
FTLDK,sp|B7QK46|QPCT_IXOSC,622.332615,-0.3,6.61
QNYIK,sp|B7QK46|QPCT_IXOSC,664.3544250000001,-1.54,9.71
AMR,sp|B7QK46|QPCT_IXOSC,376.189275,-0.26667,11.04
LFVGEPVWTPINRPADEHPAR,sp|B7QK46|QPCT_IXOSC,2400.2338050000003,-0.54762,5.33
FQYIESLR,sp|B7QK46|QPCT_IXOSC,1054.544735,-0.3125,6.87
QGIMV,sp|B7QK46|QPCT_IXOSC,546.283565,1.34,5.95
MFR,sp|B7QK46|QPCT_IXOSC,452.220575,0.06667,11.04
R,sp|B7QK46|QPCT_IXOSC,174.111675,-4.5,11.04
SVSFVR,sp|B7QK46|QPCT_IXOSC,693.3809650000001,0.85,11.04
SHVLR,sp|B7QK46|QPCT_IXOSC,610.3550850000001,-0.1,11.04
SFSSQPVVPVTPIVK,sp|B7QK46|QPCT_IXOSC,1583.892265,0.58667,10.07
NPASQGAGTIK,sp|B7QK46|QPCT_IXOSC,1042.5407050000001,-0.60909,10.07
LEQSTVELLER,sp|B7QK46|QPCT_IXOSC,1315.698325,-0.4,3.96
LSLVDFSNAEAVSR,sp|B7QK46|QPCT_IXOSC,1506.767795,0.35714,3.97
LEEAVK,sp|B7QK46|QPCT_IXOSC,687.380285,-0.18333,4.26
FASVIMNVDTTGVRPMVTPLEDTVLR,sp|B7QK46|QPCT_IXOSC,2860.4826450000005,0.43462,4.19
LR,sp|B7QK46|QPCT_IXOSC,287.19573499999996,-0.35,11.04
DDVAEK,sp|B7QK46|QPCT_IXOSC,675.3075150000001,-1.4,3.55
CSSEDVLK,sp|B7QK46|QPCT_IXOSC,879.4007750000001,-0.25,3.97
NAAVIEEDYFVAPPGNIPLEPK,sp|B7QK46|QPCT_IXOSC,2382.210665,-0.16364,3.61
ANYGLGNS,sp|B7QK46|QPCT_IXOSC,794.355875,-0.5375,5.89
MGLTGTTLVLVCVAFFGSAAAHNCQNGTRPASEENR,sp|B7QK46|QPCT_IXOSC,3721.776275000001,0.13056,6.93
EGCDYYCWNAETK,sp|B7QK46|QPCT_IXOSC,1580.5911749999998,-1.20769,3.75
SWDQFFFGNGER,sp|B7QK46|QPCT_IXOSC,1488.642205,-1.05,3.97
CFYNTGEK,sp|B7QK46|QPCT_IXOSC,960.4011150000001,-1.0,6.2
GTCLNGECHLTTSSGGPDDTGDNTPPPTEKPK,sp|B7QK46|QPCT_IXOSC,3225.418995,-1.20938,4.08
QK,sp|B7QK46|QPCT_IXOSC,274.164105,-3.7,10.07
K,sp|B7QK46|QPCT_IXOSC,146.105525,-3.9,10.07
K,sp|B7QK46|QPCT_IXOSC,146.105525,-3.9,10.07
KPK,sp|B7QK46|QPCT_IXOSC,371.25324499999994,-3.13333,10.61
K,sp|B7QK46|QPCT_IXOSC,146.105525,-3.9,10.07
TK,sp|B7QK46|QPCT_IXOSC,247.15320499999996,-2.3,10.07
KPK,sp|B7QK46|QPCT_IXOSC,371.25324499999994,-3.13333,10.61
R,sp|B7QK46|QPCT_IXOSC,174.111675,-4.5,11.04
K,sp|B7QK46|QPCT_IXOSC,146.105525,-3.9,10.07
SK,sp|B7QK46|QPCT_IXOSC,233.13755499999996,-2.35,10.07
K,sp|B7QK46|QPCT_IXOSC,146.105525,-3.9,10.07
DQK,sp|B7QK46|QPCT_IXOSC,389.191045,-3.63333,6.61
ENF,sp|B7QK46|QPCT_IXOSC,408.16449499999993,-1.4,3.28
MNK,sp|B7QK46|QPCT_IXOSC,391.18894499999993,-1.83333,10.07
FTVALVSTLLLGMLR,sp|B7QK46|QPCT_IXOSC,1632.9636549999998,1.78667,11.04
ITVSAQPLENEAVSADEPSAGGK,sp|B7QK46|QPCT_IXOSC,2269.107335,-0.35217,3.61
LCSENGDCAADECCVDTVFEGDMVTR,sp|B7QK46|QPCT_IXOSC,2781.069615,-0.03077,3.13
SCEK,sp|B7QK46|QPCT_IXOSC,465.18933499999997,-1.425,6.21
TTGNFTECPGLTPIAK,sp|B7QK46|QPCT_IXOSC,1648.813035,-0.14375,6.21
K,sp|B7QK46|QPCT_IXOSC,146.105525,-3.9,10.07
MVAMEAMAAMEVMVAAMAATADTVASSAASATATEATVAMDTASLSLPLQLSPR,sp|B7QK46|QPCT_IXOSC,5314.5282750000015,0.78519,3.39
SLPQSSLSATAATVATDTVVSSADTEVSDTEDSAATVSATASLSMLPQSSPR,sp|B7QK46|QPCT_IXOSC,5097.430655000001,0.01923,3.15
SLPQSSLSATAATVDSVTDMADTAMDTK,sp|B7QK46|QPCT_IXOSC,2813.2946450000004,-0.06071,3.23
QFISK,sp|B7QK46|QPCT_IXOSC,621.348605,-0.18,10.07
GNEHFFAASYLCAWADQSAAGS,sp|B7QK46|QPCT_IXOSC,2301.974895,0.00455,3.96
MGLTEIMLVLVSLAFVATAAAHDCQNGTRPASEEK,sp|B7QK46|QPCT_IXOSC,3672.831315000001,0.38571,4.6
R,sp|B7QK46|QPCT_IXOSC,174.111675,-4.5,11.04
EGCDYYCWNTETK,sp|B7QK46|QPCT_IXOSC,1610.6017449999997,-1.4,3.75
SWDK,sp|B7QK46|QPCT_IXOSC,534.2438050000001,-2.275,6.61
FFFGNGER,sp|B7QK46|QPCT_IXOSC,972.4453450000001,-0.4875,6.93
CFYNNGDEGLCQNGECHLTTDSGVPNDTDAK,sp|B7QK46|QPCT_IXOSC,3316.3342950000006,-0.93871,3.53
IEETEEELEA,sp|B7QK46|QPCT_IXOSC,1190.519015,-1.16,2.84
MR,sp|B7QK46|QPCT_IXOSC,305.152165,-1.3,11.04
AVAIFIVTLLVLECVYFVMSEPDPGQPWQVK,sp|B7QK46|QPCT_IXOSC,3490.828375,0.93226,3.75
AGRPPCYSIPCR,sp|B7QK46|QPCT_IXOSC,1318.627435,-0.41667,8.99
K,sp|B7QK46|QPCT_IXOSC,146.105525,-3.9,10.07
HDECR,sp|B7QK46|QPCT_IXOSC,658.249305,-2.44,5.19
VGSCSR,sp|B7QK46|QPCT_IXOSC,607.274795,0.03333,8.89
CNNGLWGDR,sp|B7QK46|QPCT_IXOSC,1033.439955,-1.15556,5.92
TCR,sp|B7QK46|QPCT_IXOSC,378.168545,-0.9,8.89
MK,sp|B7QK46|QPCT_IXOSC,277.146015,-1.0,10.07
SLLVCLVLAVVVLVASGHHVELCK,sp|B7QK46|QPCT_IXOSC,2500.427285,1.875,7.09
K,sp|B7QK46|QPCT_IXOSC,146.105525,-3.9,10.07
NDAELK,sp|B7QK46|QPCT_IXOSC,688.339155,-1.46667,3.97
EALTCITSK,sp|B7QK46|QPCT_IXOSC,964.4899250000001,0.33333,6.21
LPAALGCNDK,sp|B7QK46|QPCT_IXOSC,1000.501145,0.08,5.92
SCVFEK,sp|B7QK46|QPCT_IXOSC,711.3261550000001,0.21667,6.21
LCK,sp|B7QK46|QPCT_IXOSC,362.198775,0.8,8.86
EGDLDEALK,sp|B7QK46|QPCT_IXOSC,988.471275,-0.98889,3.46
K,sp|B7QK46|QPCT_IXOSC,146.105525,-3.9,10.07
HFTEAEVQTLHTTATDCDHSHGHEHSHGHEHGHGHH,sp|B7QK46|QPCT_IXOSC,4048.6928950000006,-1.46389,6.01
MGETAQIQAK,sp|B7QK46|QPCT_IXOSC,1075.533185,-0.55,6.9
FFTK,sp|B7QK46|QPCT_IXOSC,541.290025,0.25,10.07
DER,sp|B7QK46|QPCT_IXOSC,418.181205,-3.83333,3.97
YSVPDTPFSIAGSTTPEQLSSLINALLK,sp|B7QK46|QPCT_IXOSC,2948.5382250000002,0.15357,3.97
ESSASPDQDEQPAFDFLINGELLR,sp|B7QK46|QPCT_IXOSC,2677.2507050000004,-0.70417,3.24
LTLEEHLETK,sp|B7QK46|QPCT_IXOSC,1211.639745,-0.76,4.54
EIPQETIVHLEYLEK,sp|B7QK46|QPCT_IXOSC,1839.9617949999997,-0.49333,4.25
CPPPSPVDSLIHDDWVSAVHASEAGILSGCYDNTLHIWDTATGTR,sp|B7QK46|QPCT_IXOSC,4803.233275,-0.14222,4.06
R,sp|B7QK46|QPCT_IXOSC,174.111675,-4.5,11.04
LTIPGHLGPIK,sp|B7QK46|QPCT_IXOSC,1144.696795,0.43636,10.07
SVK,sp|B7QK46|QPCT_IXOSC,332.20596499999994,-0.16667,10.07
WVAVAEPPCTFVSTSHDETAMLWQWDR,sp|B7QK46|QPCT_IXOSC,3161.437485000001,-0.21481,3.95
R,sp|B7QK46|QPCT_IXOSC,174.111675,-4.5,11.04
TNAVESVQVCR,sp|B7QK46|QPCT_IXOSC,1204.587015,0.03636,6.21
GHAR,sp|B7QK46|QPCT_IXOSC,439.229155,-1.575,11.04
SVDCVDVSWNGAK,sp|B7QK46|QPCT_IXOSC,1378.6186949999997,-0.03077,3.68
FVTGSFDHMLK,sp|B7QK46|QPCT_IXOSC,1280.6223249999998,0.27273,7.78
VWSADPDSTDTDHGQDGSEEGSR,sp|B7QK46|QPCT_IXOSC,2446.9744949999995,-1.65217,3.41
K,sp|B7QK46|QPCT_IXOSC,146.105525,-3.9,10.07
K,sp|B7QK46|QPCT_IXOSC,146.105525,-3.9,10.07
QK,sp|B7QK46|QPCT_IXOSC,274.164105,-3.7,10.07
TVDGK,sp|B7QK46|QPCT_IXOSC,518.270015,-0.86,6.61
AK,sp|B7QK46|QPCT_IXOSC,217.14263499999998,-1.05,10.07
TR,sp|B7QK46|QPCT_IXOSC,275.159355,-2.6,11.04
VPVLTLAGHHEAVTGVQWTDEGEVATCSMDHTLR,sp|B7QK46|QPCT_IXOSC,3658.750755000001,-0.02647,4.61
IWDVELGGMK,sp|B7QK46|QPCT_IXOSC,1146.574305,0.18,3.97
SQLAGSK,sp|B7QK46|QPCT_IXOSC,689.370795,-0.54286,10.07
AFLGISYSR,sp|B7QK46|QPCT_IXOSC,1012.5341649999998,0.56667,9.83
LNR,sp|B7QK46|QPCT_IXOSC,401.23866499999997,-1.4,11.04
QIVSASSDR,sp|B7QK46|QPCT_IXOSC,961.482865,-0.37778,6.63
HVR,sp|B7QK46|QPCT_IXOSC,410.238995,-1.16667,11.04
LWDPR,sp|B7QK46|QPCT_IXOSC,685.3547450000001,-1.34,6.63
TK,sp|B7QK46|QPCT_IXOSC,247.15320499999996,-2.3,10.07
DGTIVK,sp|B7QK46|QPCT_IXOSC,631.354075,0.03333,6.61
CSYTSHAGWVSAVHWAPNSDHQFISGSYDTLMK,sp|B7QK46|QPCT_IXOSC,3681.6405050000003,-0.33939,6.29
LWDAR,sp|B7QK46|QPCT_IXOSC,659.339095,-0.66,6.63
SPK,sp|B7QK46|QPCT_IXOSC,330.190315,-2.1,10.07
APLYDMSGHEDK,sp|B7QK46|QPCT_IXOSC,1361.5921449999998,-1.18333,4.17
VLAVDWSLGK,sp|B7QK46|QPCT_IXOSC,1086.607315,0.83,6.61
YMISGGADNQLK,sp|B7QK46|QPCT_IXOSC,1295.617975,-0.44167,6.55
IFEHK,sp|B7QK46|QPCT_IXOSC,672.359495,-0.66,7.78
MNAVFIAALLILGTSTFDAMR,sp|B7QK46|QPCT_IXOSC,2254.185345,1.29048,6.63
LWNYCTHILCTNDSDCGQSDSCR,sp|B7QK46|QPCT_IXOSC,2633.040335,-0.56522,3.96
CRPPR,sp|B7QK46|QPCT_IXOSC,627.327495,-1.94,10.89
GDDYR,sp|B7QK46|QPCT_IXOSC,624.250345,-2.64,3.68
YHCSR,sp|B7QK46|QPCT_IXOSC,664.2751350000001,-1.46,8.81
Y,sp|B7QK46|QPCT_IXOSC,181.073895,-1.3,5.89
MSYQLYR,sp|B7QK46|QPCT_IXOSC,959.4534950000002,-0.81429,9.59
NTTLGNTLQESLDELIQCGQITPHLALK,sp|B7QK46|QPCT_IXOSC,3049.5753650000006,-0.17857,4.38
VLLQFDK,sp|B7QK46|QPCT_IXOSC,861.495985,0.52857,6.61
AINNALANR,sp|B7QK46|QPCT_IXOSC,955.5199150000001,-0.14444,11.04
VK,sp|B7QK46|QPCT_IXOSC,245.17393499999997,0.15,10.07
TR,sp|B7QK46|QPCT_IXOSC,275.159355,-2.6,11.04
LTFK,sp|B7QK46|QPCT_IXOSC,507.305675,0.5,10.07
AGHLSTYR,sp|B7QK46|QPCT_IXOSC,903.456255,-0.6625,9.83
FCDNVWTFVLK,sp|B7QK46|QPCT_IXOSC,1370.669275,0.70909,5.92
DVEFR,sp|B7QK46|QPCT_IXOSC,664.318025,-0.9,3.97
EVQELVK,sp|B7QK46|QPCT_IXOSC,843.4701650000001,-0.31429,4.26
ADK,sp|B7QK46|QPCT_IXOSC,332.16957499999995,-1.86667,6.61
VK,sp|B7QK46|QPCT_IXOSC,245.17393499999997,0.15,10.07
IVACDGK,sp|B7QK46|QPCT_IXOSC,704.352695,0.74286,5.92
SVLFFLFSSLFSLYGK,sp|B7QK46|QPCT_IXOSC,1853.9967249999997,1.3625,9.71
MFFLPVCTCCR,sp|B7QK46|QPCT_IXOSC,1318.5694650000003,1.47273,7.86
YYCDYCDTYLTHDSPSVR,sp|B7QK46|QPCT_IXOSC,2199.8877549999997,-0.83333,3.96
K,sp|B7QK46|QPCT_IXOSC,146.105525,-3.9,10.07
THCNGR,sp|B7QK46|QPCT_IXOSC,686.291845,-1.63333,8.89
K,sp|B7QK46|QPCT_IXOSC,146.105525,-3.9,10.07
HK,sp|B7QK46|QPCT_IXOSC,283.16443499999997,-3.55,10.07
ENVK,sp|B7QK46|QPCT_IXOSC,488.25945499999995,-1.675,6.9
FYYQK,sp|B7QK46|QPCT_IXOSC,747.3591750000002,-1.44,9.53
WMEEQAQNLIDATTAAFK,sp|B7QK46|QPCT_IXOSC,2065.9778649999994,-0.38889,3.75
AGK,sp|B7QK46|QPCT_IXOSC,274.164095,-0.83333,10.07
IQSSQYQNKPISGAMIPPPAALQPGPPQR,sp|B7QK46|QPCT_IXOSC,3070.602185,-0.7069,10.41
MPLVGPPHMGPMPGPMPGPMPGPMPMMGHPGPMPPNMMMPGDSFFPAPK,sp|B7QK46|QPCT_IXOSC,5089.258884999998,-0.24286,7.93
HVH,sp|B7QK46|QPCT_IXOSC,391.196795,-0.73333,7.95
MR,sp|B7QK46|QPCT_IXOSC,305.152165,-1.3,11.04
FSVVETFHGHR,sp|B7QK46|QPCT_IXOSC,1314.646895,-0.20909,7.95
GR,sp|B7QK46|QPCT_IXOSC,231.13313499999998,-2.45,11.04
LGNICGLR,sp|B7QK46|QPCT_IXOSC,844.458895,0.725,8.89
IGTGEQCLDTPTCLLYTQAGSAPHLTR,sp|B7QK46|QPCT_IXOSC,2845.3738350000003,-0.12593,5.19
DMLHK,sp|B7QK46|QPCT_IXOSC,642.315925,-0.98,7.78
LGDVENLPALFPLPPITSFVDSVMQFGK,sp|B7QK46|QPCT_IXOSC,3030.5775649999996,0.48214,3.55
GLGSFVALQSHPSFIR,sp|B7QK46|QPCT_IXOSC,1714.915455,0.48125,11.04
IQDPMVTTPSGFNDK,sp|B7QK46|QPCT_IXOSC,1648.7766550000001,-0.68667,3.68
AGVSVWDQGGR,sp|B7QK46|QPCT_IXOSC,1130.546845,-0.38182,6.63
VHLNPLSFTR,sp|B7QK46|QPCT_IXOSC,1182.650925,0.03,11.04
MMEAFQPTCYQALCDSDTPQDASR,sp|B7QK46|QPCT_IXOSC,2707.102255,-0.65417,3.33
K,sp|B7QK46|QPCT_IXOSC,146.105525,-3.9,10.07
R,sp|B7QK46|QPCT_IXOSC,174.111675,-4.5,11.04
LQR,sp|B7QK46|QPCT_IXOSC,415.25431499999996,-1.4,11.04
AVDR,sp|B7QK46|QPCT_IXOSC,459.244135,-0.5,6.63
SVSLLDQCLAMK,sp|B7QK46|QPCT_IXOSC,1306.662485,0.775,5.92
ADSSCLQHSAILGSVQGGYNR,sp|B7QK46|QPCT_IXOSC,2162.017445,-0.2381,7.08
DFR,sp|B7QK46|QPCT_IXOSC,436.207025,-1.73333,6.63
EISAK,sp|B7QK46|QPCT_IXOSC,546.301315,-0.38,6.9
ETAK,sp|B7QK46|QPCT_IXOSC,447.2329049999999,-1.575,6.9
R,sp|B7QK46|QPCT_IXOSC,174.111675,-4.5,11.04
DVDGFVIEGFHVNGPQTK,sp|B7QK46|QPCT_IXOSC,1957.9533450000001,-0.3,4.17
SLK,sp|B7QK46|QPCT_IXOSC,346.221615,-0.3,10.07
FEEVAEILEEVIALLPQDKPR,sp|B7QK46|QPCT_IXOSC,2437.310375,-0.04286,3.85
FLHGVLRPEFILK,sp|B7QK46|QPCT_IXOSC,1567.9238249999999,0.66154,10.06
AVLYGIDIFDASLAHAATEAGCALVFNCSSDK,sp|B7QK46|QPCT_IXOSC,3271.552885,0.69375,3.8
DLELMLGR,sp|B7QK46|QPCT_IXOSC,945.4953350000001,0.175,3.97
DLLDQELEMDMK,sp|B7QK46|QPCT_IXOSC,1478.6632650000001,-0.80833,3.28
NAR,sp|B7QK46|QPCT_IXOSC,359.191715,-2.06667,11.04
HR,sp|B7QK46|QPCT_IXOSC,311.170585,-3.85,11.04
EDFVPLLESCACYACTNFTR,sp|B7QK46|QPCT_IXOSC,2280.985345,0.245,3.75
AYIHHLLNTGEMLGQVLLSLHNIHHFLGFLK,sp|B7QK46|QPCT_IXOSC,3564.9179550000003,0.48387,8.07
SIR,sp|B7QK46|QPCT_IXOSC,374.227765,-0.26667,11.04
K,sp|B7QK46|QPCT_IXOSC,146.105525,-3.9,10.07
FMVQHGAK,sp|B7QK46|QPCT_IXOSC,916.4588950000001,-0.0375,10.07
ELNGN,sp|B7QK46|QPCT_IXOSC,545.244535,-1.42,3.28
MEK,sp|B7QK46|QPCT_IXOSC,406.188605,-1.83333,6.9
SEK,sp|B7QK46|QPCT_IXOSC,362.180145,-2.73333,6.9
KPMR,sp|B7QK46|QPCT_IXOSC,530.2998850000001,-2.025,11.54
FSFR,sp|B7QK46|QPCT_IXOSC,555.2805250000001,0.075,11.04
R,sp|B7QK46|QPCT_IXOSC,174.111675,-4.5,11.04
RPK,sp|B7QK46|QPCT_IXOSC,399.259395,-3.33333,11.54
SVSVDR,sp|B7QK46|QPCT_IXOSC,661.3394949999999,-0.2,6.63
SEAHAADVSIGQYLEK,sp|B7QK46|QPCT_IXOSC,1716.8318449999995,-0.40625,4.38
LNYVSQEEAIK,sp|B7QK46|QPCT_IXOSC,1292.6612149999999,-0.51818,4.26
IDQELFSEYAYSVDQLMELAGLSVATAVAK,sp|B7QK46|QPCT_IXOSC,3260.6162050000007,0.38333,3.39
SYPR,sp|B7QK46|QPCT_IXOSC,521.259795,-2.05,9.83
GPMPK,sp|B7QK46|QPCT_IXOSC,528.272995,-1.12,10.07
GGTVLVCCGPGNNGGDGLVCAR,sp|B7QK46|QPCT_IXOSC,2017.913165,0.42727,5.68
HLK,sp|B7QK46|QPCT_IXOSC,396.248495,-1.1,10.07
LFGYEPSVFYPK,sp|B7QK46|QPCT_IXOSC,1445.7230749999999,-0.06667,6.8
QSNKPLFQNLTK,sp|B7QK46|QPCT_IXOSC,1416.772505,-1.20833,10.61
QCQEMEVPFLSFLPDSQLVSDSYNLVVDALFGFSFKPPVRPEFNDVMDK,sp|B7QK46|QPCT_IXOSC,5623.702904999997,-0.04898,3.63
LK,sp|B7QK46|QPCT_IXOSC,259.18958499999997,-0.05,10.07
K,sp|B7QK46|QPCT_IXOSC,146.105525,-3.9,10.07
VK,sp|B7QK46|QPCT_IXOSC,245.17393499999997,0.15,10.07
IPVVSIDIPSGWDVETGGDADSLQPECLVSLTAPK,sp|B7QK46|QPCT_IXOSC,3607.7966650000003,0.18,3.15
R,sp|B7QK46|QPCT_IXOSC,174.111675,-4.5,11.04
CSR,sp|B7QK46|QPCT_IXOSC,364.152895,-0.93333,8.89
NFK,sp|B7QK46|QPCT_IXOSC,407.2168649999999,-1.53333,10.07
GR,sp|B7QK46|QPCT_IXOSC,231.13313499999998,-2.45,11.04
FHWLGGR,sp|B7QK46|QPCT_IXOSC,871.4452850000002,-0.4,11.04
FVPPALAAK,sp|B7QK46|QPCT_IXOSC,912.543255,1.01111,10.07
YELNLPPYPGTDCCLLLTPPPS,sp|B7QK46|QPCT_IXOSC,2402.1537749999993,-0.05909,2.91
MK,sp|B7QK46|QPCT_IXOSC,277.146015,-1.0,10.07
MSK,sp|B7QK46|QPCT_IXOSC,364.17804499999994,-0.93333,10.07
LSDLEGHEDR,sp|B7QK46|QPCT_IXOSC,1169.531255,-1.53,3.95
VWNVAWNPSGTILASCGGDK,sp|B7QK46|QPCT_IXOSC,2073.9941749999994,0.075,5.92
SIR,sp|B7QK46|QPCT_IXOSC,374.227765,-0.26667,11.04
LWGLEGGSWVCK,sp|B7QK46|QPCT_IXOSC,1333.648865,0.25833,6.21
SVLLDGHQR,sp|B7QK46|QPCT_IXOSC,1023.5461250000001,-0.45556,7.8
TVR,sp|B7QK46|QPCT_IXOSC,374.227765,-0.33333,11.04
GVSWSNCGR,sp|B7QK46|QPCT_IXOSC,964.4184949999999,-0.51111,8.89
YLASSSFDGTTCIWR,sp|B7QK46|QPCT_IXOSC,1705.776995,0.06667,5.92
R,sp|B7QK46|QPCT_IXOSC,174.111675,-4.5,11.04
QDDTFESCATLEGHENEVK,sp|B7QK46|QPCT_IXOSC,2150.906215,-1.18947,3.74
ACGWSPSGR,sp|B7QK46|QPCT_IXOSC,919.397025,-0.56667,8.89
FLATCSR,sp|B7QK46|QPCT_IXOSC,796.390155,0.7,8.89
DK,sp|B7QK46|QPCT_IXOSC,261.13246499999997,-3.7,6.61
TVWIWEVGEDEEFECASVQTCHSQDVK,sp|B7QK46|QPCT_IXOSC,3153.369525,-0.47778,3.66
K,sp|B7QK46|QPCT_IXOSC,146.105525,-3.9,10.07
VLWHPDR,sp|B7QK46|QPCT_IXOSC,921.4820649999999,-0.81429,7.8
DELASASYDNTIR,sp|B7QK46|QPCT_IXOSC,1453.668485,-0.78462,3.55
FFCEEVDDWQCYCTLDK,sp|B7QK46|QPCT_IXOSC,2142.8372849999996,-0.39412,3.28
HASTVWGLSFGPGPEPQLASCAADGSVYVWGTK,sp|B7QK46|QPCT_IXOSC,3374.602945,0.01818,5.19
GDR,sp|B7QK46|QPCT_IXOSC,346.16007499999995,-2.8,6.63
R,sp|B7QK46|QPCT_IXOSC,174.111675,-4.5,11.04
SWELCGTLER,sp|B7QK46|QPCT_IXOSC,1192.5546450000002,-0.42,4.26
HPRPVYDVSWCR,sp|B7QK46|QPCT_IXOSC,1513.724835,-0.91667,8.81
TR,sp|B7QK46|QPCT_IXOSC,275.159355,-2.6,11.04
GFLATACGDNAVR,sp|B7QK46|QPCT_IXOSC,1293.6135450000002,0.43846,5.92
VFVK,sp|B7QK46|QPCT_IXOSC,491.31075500000003,1.825,10.07
DGGDCSWR,sp|B7QK46|QPCT_IXOSC,894.329005,-1.4375,3.68
LGCTLTQAHSQDVNSVSWSPSGGLLASAGDDGYVR,sp|B7QK46|QPCT_IXOSC,3547.663725000001,-0.14286,3.96
LWQID,sp|B7QK46|QPCT_IXOSC,673.343515,0.08,2.98
MLTVSLLTLSLAAYASAVATVTDANNFMDAVLHTR,sp|B7QK46|QPCT_IXOSC,3679.895305000001,0.85429,4.99
IPALITSEPILFPFATIPPFNFTVAGTNILTNR,sp|B7QK46|QPCT_IXOSC,3584.9646050000006,0.71212,6.93
ELQVNVSR,sp|B7QK46|QPCT_IXOSC,943.508685,-0.45,6.93
GEIR,sp|B7QK46|QPCT_IXOSC,473.25978499999997,-0.975,6.93
GFSTEVK,sp|B7QK46|QPCT_IXOSC,766.386105,-0.32857,6.9
R,sp|B7QK46|QPCT_IXOSC,174.111675,-4.5,11.04
VGDCMPPVLR,sp|B7QK46|QPCT_IXOSC,1085.536155,0.5,5.92
EGK,sp|B7QK46|QPCT_IXOSC,332.16957499999995,-2.6,6.9
TSIR,sp|B7QK46|QPCT_IXOSC,475.275445,-0.375,11.04
CTLNFTGINATFDTHTR,sp|B7QK46|QPCT_IXOSC,1910.894485,-0.22941,7.08
GDNIVASDK,sp|B7QK46|QPCT_IXOSC,917.4454049999999,-0.56667,3.68
NIWVR,sp|B7QK46|QPCT_IXOSC,686.386385,-0.04,11.04
ASVIDTTGQFEAVAER,sp|B7QK46|QPCT_IXOSC,1692.8318450000002,-0.0,3.75
GK,sp|B7QK46|QPCT_IXOSC,203.126985,-2.15,10.07
QGNVHTFLVDK,sp|B7QK46|QPCT_IXOSC,1256.6513149999998,-0.33636,7.78
IHVK,sp|B7QK46|QPCT_IXOSC,495.31690499999996,0.4,10.07
VK,sp|B7QK46|QPCT_IXOSC,245.17393499999997,0.15,10.07
NDK,sp|B7QK46|QPCT_IXOSC,375.1753949999999,-3.63333,6.61
ALSLNDK,sp|B7QK46|QPCT_IXOSC,759.4126550000001,-0.32857,6.61
R,sp|B7QK46|QPCT_IXOSC,174.111675,-4.5,11.04
K,sp|B7QK46|QPCT_IXOSC,146.105525,-3.9,10.07
K,sp|B7QK46|QPCT_IXOSC,146.105525,-3.9,10.07
K,sp|B7QK46|QPCT_IXOSC,146.105525,-3.9,10.07
FR,sp|B7QK46|QPCT_IXOSC,321.180085,-0.85,11.04
QHFEDK,sp|B7QK46|QPCT_IXOSC,802.360955,-2.46667,5.19
VLTVLPQIFYGAYLHLLGAAVSSVPFPHV,sp|B7QK46|QPCT_IXOSC,3107.721124999999,1.21034,7.84
MLLFK,sp|B7QK46|QPCT_IXOSC,650.382545,1.68,10.07
DILTGDEMFTDSVK,sp|B7QK46|QPCT_IXOSC,1569.723215,-0.23571,3.33
YK,sp|B7QK46|QPCT_IXOSC,309.16885499999995,-2.6,9.71
LVDDCIFEIECEHVTR,sp|B7QK46|QPCT_IXOSC,1919.875705,0.19375,3.82
K,sp|B7QK46|QPCT_IXOSC,146.105525,-3.9,10.07
VGEVALDGANPSAEEVEEGTEEGTESGLDLVLNMR,sp|B7QK46|QPCT_IXOSC,3615.6733150000005,-0.39429,3.18
LVETGFSK,sp|B7QK46|QPCT_IXOSC,879.4701650000001,0.1875,6.9
TDYK,sp|B7QK46|QPCT_IXOSC,525.243475,-2.35,6.55
NYLK,sp|B7QK46|QPCT_IXOSC,536.2958450000001,-1.225,9.71
TYTK,sp|B7QK46|QPCT_IXOSC,511.264215,-1.65,9.71
ALMDK,sp|B7QK46|QPCT_IXOSC,576.294125,0.02,6.61
WK,sp|B7QK46|QPCT_IXOSC,332.18483499999996,-2.4,10.07
EDGK,sp|B7QK46|QPCT_IXOSC,447.1965149999999,-2.825,3.97
SEAEVNEAK,sp|B7QK46|QPCT_IXOSC,975.450885,-1.21111,3.96
SK,sp|B7QK46|QPCT_IXOSC,233.13755499999996,-2.35,10.07
LTEAVK,sp|B7QK46|QPCT_IXOSC,659.385375,0.28333,6.9
K,sp|B7QK46|QPCT_IXOSC,146.105525,-3.9,10.07
VLPR,sp|B7QK46|QPCT_IXOSC,483.316905,0.475,11.04
IGDMQFFLGESSNPDGIVALLEYRPNK,sp|B7QK46|QPCT_IXOSC,3009.4905550000003,-0.23333,3.96
SGGETPVVMFFK,sp|B7QK46|QPCT_IXOSC,1297.6376349999998,0.38333,6.9
HGLLEEK,sp|B7QK46|QPCT_IXOSC,824.439195,-0.98571,5.29
Q,sp|B7QK46|QPCT_IXOSC,146.069145,-3.5,5.95
MGIDINHK,sp|B7QK46|QPCT_IXOSC,926.464375,-0.45,7.78
YDR,sp|B7QK46|QPCT_IXOSC,452.201945,-3.1,6.57
K,sp|B7QK46|QPCT_IXOSC,146.105525,-3.9,10.07
VVR,sp|B7QK46|QPCT_IXOSC,372.248495,1.3,11.04
R,sp|B7QK46|QPCT_IXOSC,174.111675,-4.5,11.04
RPK,sp|B7QK46|QPCT_IXOSC,399.259395,-3.33333,11.54
SENVYLGLLVK,sp|B7QK46|QPCT_IXOSC,1233.6968650000001,0.58182,6.85
VYR,sp|B7QK46|QPCT_IXOSC,436.243415,-0.53333,9.83
FLAR,sp|B7QK46|QPCT_IXOSC,505.30125499999997,0.975,11.04
R,sp|B7QK46|QPCT_IXOSC,174.111675,-4.5,11.04
SGAK,sp|B7QK46|QPCT_IXOSC,361.196125,-0.825,10.07
FNR,sp|B7QK46|QPCT_IXOSC,435.223015,-1.73333,11.04
IVLK,sp|B7QK46|QPCT_IXOSC,471.342055,2.15,10.07
R,sp|B7QK46|QPCT_IXOSC,174.111675,-4.5,11.04
LFMSR,sp|B7QK46|QPCT_IXOSC,652.336665,0.64,11.04
INKPVISLAR,sp|B7QK46|QPCT_IXOSC,1109.692055,0.45,11.54
VTR,sp|B7QK46|QPCT_IXOSC,374.227765,-0.33333,11.04
FMK,sp|B7QK46|QPCT_IXOSC,424.21442499999995,0.26667,10.07
KPGR,sp|B7QK46|QPCT_IXOSC,456.280855,-2.6,11.54
ENLIAVVVGTVTDDLR,sp|B7QK46|QPCT_IXOSC,1712.930825,0.65,3.55
LYDVPK,sp|B7QK46|QPCT_IXOSC,733.401025,-0.38333,6.55
LR,sp|B7QK46|QPCT_IXOSC,287.19573499999996,-0.35,11.04
LCALR,sp|B7QK46|QPCT_IXOSC,574.3260950000001,1.48,8.89
VTER,sp|B7QK46|QPCT_IXOSC,503.270355,-1.125,6.93
AR,sp|B7QK46|QPCT_IXOSC,245.14878499999998,-1.35,11.04
AR,sp|B7QK46|QPCT_IXOSC,245.14878499999998,-1.35,11.04
ILK,sp|B7QK46|QPCT_IXOSC,372.27364499999993,1.46667,10.07
AGGEILTFDQLAVQAPK,sp|B7QK46|QPCT_IXOSC,1756.935905,0.20588,3.97
GK,sp|B7QK46|QPCT_IXOSC,203.126985,-2.15,10.07
GTVLMQGPR,sp|B7QK46|QPCT_IXOSC,957.5065750000001,-0.13333,11.04
NSR,sp|B7QK46|QPCT_IXOSC,375.18663499999997,-2.93333,11.04
EACR,sp|B7QK46|QPCT_IXOSC,477.200565,-0.925,6.21
HFGPAPGVPHSHTKPYVR,sp|B7QK46|QPCT_IXOSC,1983.022705,-0.83333,10.41
SK,sp|B7QK46|QPCT_IXOSC,233.13755499999996,-2.35,10.07
GR,sp|B7QK46|QPCT_IXOSC,231.13313499999998,-2.45,11.04
K,sp|B7QK46|QPCT_IXOSC,146.105525,-3.9,10.07
FER,sp|B7QK46|QPCT_IXOSC,450.222675,-1.73333,6.93
AR,sp|B7QK46|QPCT_IXOSC,245.14878499999998,-1.35,11.04
GR,sp|B7QK46|QPCT_IXOSC,231.13313499999998,-2.45,11.04
R,sp|B7QK46|QPCT_IXOSC,174.111675,-4.5,11.04
K,sp|B7QK46|QPCT_IXOSC,146.105525,-3.9,10.07
SR,sp|B7QK46|QPCT_IXOSC,261.143705,-2.65,11.04
R,sp|B7QK46|QPCT_IXOSC,174.111675,-4.5,11.04
YK,sp|B7QK46|QPCT_IXOSC,309.16885499999995,-2.6,9.71
A,sp|B7QK46|QPCT_IXOSC,89.047675,1.8,5.95
MGVQYK,sp|B7QK46|QPCT_IXOSC,724.357795,-0.5,9.71
LAVGLGK,sp|B7QK46|QPCT_IXOSC,656.4220849999999,1.27143,10.07
GHK,sp|B7QK46|QPCT_IXOSC,340.18589499999996,-2.5,10.07
VTK,sp|B7QK46|QPCT_IXOSC,346.221615,-0.13333,10.07
NEYKPRPSR,sp|B7QK46|QPCT_IXOSC,1145.594145,-2.8,10.41
R,sp|B7QK46|QPCT_IXOSC,174.111675,-4.5,11.04
K,sp|B7QK46|QPCT_IXOSC,146.105525,-3.9,10.07
GALSK,sp|B7QK46|QPCT_IXOSC,474.280185,0.1,10.07
HTR,sp|B7QK46|QPCT_IXOSC,412.218265,-2.8,11.04
FVR,sp|B7QK46|QPCT_IXOSC,420.248495,0.83333,11.04
DLIR,sp|B7QK46|QPCT_IXOSC,515.306735,0.075,6.63
EVCGFAPFER,sp|B7QK46|QPCT_IXOSC,1153.522605,0.06,4.26
R,sp|B7QK46|QPCT_IXOSC,174.111675,-4.5,11.04
AMELLK,sp|B7QK46|QPCT_IXOSC,703.3938350000001,0.65,6.9
VSK,sp|B7QK46|QPCT_IXOSC,332.20596499999994,-0.16667,10.07
DK,sp|B7QK46|QPCT_IXOSC,261.13246499999997,-3.7,6.61
R,sp|B7QK46|QPCT_IXOSC,174.111675,-4.5,11.04
ALK,sp|B7QK46|QPCT_IXOSC,330.226695,0.56667,10.07
FIK,sp|B7QK46|QPCT_IXOSC,406.257995,1.13333,10.07
K,sp|B7QK46|QPCT_IXOSC,146.105525,-3.9,10.07
R,sp|B7QK46|QPCT_IXOSC,174.111675,-4.5,11.04
LGTHLR,sp|B7QK46|QPCT_IXOSC,695.407845,-0.2,11.04
GK,sp|B7QK46|QPCT_IXOSC,203.126985,-2.15,10.07
R,sp|B7QK46|QPCT_IXOSC,174.111675,-4.5,11.04
K,sp|B7QK46|QPCT_IXOSC,146.105525,-3.9,10.07
R,sp|B7QK46|QPCT_IXOSC,174.111675,-4.5,11.04
DELSNVLVAQR,sp|B7QK46|QPCT_IXOSC,1242.656795,-0.13636,3.97
K,sp|B7QK46|QPCT_IXOSC,146.105525,-3.9,10.07
AAAHK,sp|B7QK46|QPCT_IXOSC,496.27576500000004,-0.34,10.07
EK,sp|B7QK46|QPCT_IXOSC,275.14811499999996,-3.7,6.9
TEHK,sp|B7QK46|QPCT_IXOSC,513.2547050000001,-2.825,7.78
MEAPLVK,sp|B7QK46|QPCT_IXOSC,786.4309450000001,0.38571,6.9
CLDEILDSGAVGVICADK,sp|B7QK46|QPCT_IXOSC,1819.8695449999998,0.78333,3.33
DGLALHSAGQVQLR,sp|B7QK46|QPCT_IXOSC,1463.784445,-0.04286,7.8
AAGVITALASLAK,sp|B7QK46|QPCT_IXOSC,1184.712835,1.5,10.07
QIDPSCDTTPTIHLESDSLDVYIQQK,sp|B7QK46|QPCT_IXOSC,2945.3964049999995,-0.62692,3.59
EQVSLAVYSTPK,sp|B7QK46|QPCT_IXOSC,1320.692515,-0.175,6.85
K,sp|B7QK46|QPCT_IXOSC,146.105525,-3.9,10.07
MAVGK,sp|B7QK46|QPCT_IXOSC,504.272995,0.72,10.07
NK,sp|B7QK46|QPCT_IXOSC,260.14845499999996,-3.7,10.07
GLSK,sp|B7QK46|QPCT_IXOSC,403.2430749999999,-0.325,10.07
GGK,sp|B7QK46|QPCT_IXOSC,260.148445,-1.56667,10.07
K,sp|B7QK46|QPCT_IXOSC,146.105525,-3.9,10.07
GVK,sp|B7QK46|QPCT_IXOSC,302.19539499999996,-0.03333,10.07
K,sp|B7QK46|QPCT_IXOSC,146.105525,-3.9,10.07
K,sp|B7QK46|QPCT_IXOSC,146.105525,-3.9,10.07
IVDPFTR,sp|B7QK46|QPCT_IXOSC,846.4599350000001,0.17143,6.63
K,sp|B7QK46|QPCT_IXOSC,146.105525,-3.9,10.07
DWYDVK,sp|B7QK46|QPCT_IXOSC,824.370455,-1.48333,3.68
APTMYTVR,sp|B7QK46|QPCT_IXOSC,937.469135,-0.1125,9.83
NIGK,sp|B7QK46|QPCT_IXOSC,430.2539749999999,-0.825,10.07
TFVNR,sp|B7QK46|QPCT_IXOSC,635.339105,-0.34,11.04
TQGTK,sp|B7QK46|QPCT_IXOSC,533.280925,-1.84,10.07
IASEGLK,sp|B7QK46|QPCT_IXOSC,716.406835,0.21429,6.9
GR,sp|B7QK46|QPCT_IXOSC,231.13313499999998,-2.45,11.04
VFEVSQADLTNGEDAYR,sp|B7QK46|QPCT_IXOSC,1912.8802549999998,-0.59412,3.46
K,sp|B7QK46|QPCT_IXOSC,146.105525,-3.9,10.07
FR,sp|B7QK46|QPCT_IXOSC,321.180085,-0.85,11.04
LIAEEVQGR,sp|B7QK46|QPCT_IXOSC,1013.5505350000001,-0.12222,4.26
NVLTNFHGMDLTTDK,sp|B7QK46|QPCT_IXOSC,1704.8141049999995,-0.47333,4.99
LR,sp|B7QK46|QPCT_IXOSC,287.19573499999996,-0.35,11.04
SMVK,sp|B7QK46|QPCT_IXOSC,463.246455,0.35,10.07
K,sp|B7QK46|QPCT_IXOSC,146.105525,-3.9,10.07
WQTLIEATVDVR,sp|B7QK46|QPCT_IXOSC,1429.7565050000003,0.1,3.97
TTDGYLLR,sp|B7QK46|QPCT_IXOSC,937.486885,-0.4375,6.57
MFCIGFTK,sp|B7QK46|QPCT_IXOSC,945.445225,1.1875,8.86
K,sp|B7QK46|QPCT_IXOSC,146.105525,-3.9,10.07
CANQLK,sp|B7QK46|QPCT_IXOSC,675.337395,-0.46667,8.86
K,sp|B7QK46|QPCT_IXOSC,146.105525,-3.9,10.07
TCYAQHNQVR,sp|B7QK46|QPCT_IXOSC,1218.556395,-1.17,8.81
LIR,sp|B7QK46|QPCT_IXOSC,400.279795,1.26667,11.04
K,sp|B7QK46|QPCT_IXOSC,146.105525,-3.9,10.07
K,sp|B7QK46|QPCT_IXOSC,146.105525,-3.9,10.07
MTEMMVVEVSSSNLK,sp|B7QK46|QPCT_IXOSC,1683.7881650000002,0.30667,4.26
DVVNK,sp|B7QK46|QPCT_IXOSC,573.312215,-0.5,6.61
LIPGSIGK,sp|B7QK46|QPCT_IXOSC,783.4854150000001,0.7125,10.07
DIEK,sp|B7QK46|QPCT_IXOSC,503.259115,-1.6,3.97
SCQHIYPLHDVLIR,sp|B7QK46|QPCT_IXOSC,1692.8769750000001,0.12143,7.24
K,sp|B7QK46|QPCT_IXOSC,146.105525,-3.9,10.07
VK,sp|B7QK46|QPCT_IXOSC,245.17393499999997,0.15,10.07
VLK,sp|B7QK46|QPCT_IXOSC,358.257995,1.36667,10.07
KPK,sp|B7QK46|QPCT_IXOSC,371.25324499999994,-3.13333,10.61
FELGK,sp|B7QK46|QPCT_IXOSC,592.322045,-0.24,6.9
LLELHGEGTSK,sp|B7QK46|QPCT_IXOSC,1182.624425,-0.45455,5.29
GGAASTAAVAK,sp|B7QK46|QPCT_IXOSC,902.482115,0.63636,10.07
GEEGVK,sp|B7QK46|QPCT_IXOSC,617.302035,-1.25,4.26
VDRPEGYEPPVLETV,sp|B7QK46|QPCT_IXOSC,1698.8464250000002,-0.62,3.61
MGHENIWYSHPR,sp|B7QK46|QPCT_IXOSC,1525.6884550000002,-1.375,7.89
K,sp|B7QK46|QPCT_IXOSC,146.105525,-3.9,10.07
YGPGSR,sp|B7QK46|QPCT_IXOSC,635.302715,-1.5,9.83
YCR,sp|B7QK46|QPCT_IXOSC,440.184195,-1.1,8.81
VCANHHGLIR,sp|B7QK46|QPCT_IXOSC,1118.5767150000001,0.2,8.9
K,sp|B7QK46|QPCT_IXOSC,146.105525,-3.9,10.07
YGLNICR,sp|B7QK46|QPCT_IXOSC,837.4167050000001,0.15714,8.81
R,sp|B7QK46|QPCT_IXOSC,174.111675,-4.5,11.04
CFR,sp|B7QK46|QPCT_IXOSC,424.189275,0.26667,8.89
QYAADIGFK,sp|B7QK46|QPCT_IXOSC,1011.5025250000001,-0.18889,6.55
K,sp|B7QK46|QPCT_IXOSC,146.105525,-3.9,10.07
LD,sp|B7QK46|QPCT_IXOSC,246.12156499999998,0.15,2.98
MGR,sp|B7QK46|QPCT_IXOSC,362.17362499999996,-1.0,11.04
YSVEPDNATK,sp|B7QK46|QPCT_IXOSC,1122.519305,-1.28,3.97
SCK,sp|B7QK46|QPCT_IXOSC,336.14674499999995,-0.73333,8.86
AR,sp|B7QK46|QPCT_IXOSC,245.14878499999998,-1.35,11.04
GSNLR,sp|B7QK46|QPCT_IXOSC,545.2921550000001,-1.08,11.04
VHFK,sp|B7QK46|QPCT_IXOSC,529.3012550000001,-0.025,10.07
NTR,sp|B7QK46|QPCT_IXOSC,389.202285,-2.9,11.04
ETAQAIK,sp|B7QK46|QPCT_IXOSC,759.412655,-0.5,6.9
HMALR,sp|B7QK46|QPCT_IXOSC,626.3322450000001,-0.04,11.04
R,sp|B7QK46|QPCT_IXOSC,174.111675,-4.5,11.04
AQR,sp|B7QK46|QPCT_IXOSC,373.207365,-2.06667,11.04
YLK,sp|B7QK46|QPCT_IXOSC,422.252915,-0.46667,9.71
NVIAK,sp|B7QK46|QPCT_IXOSC,543.338035,0.62,10.07
K,sp|B7QK46|QPCT_IXOSC,146.105525,-3.9,10.07
EIVPFR,sp|B7QK46|QPCT_IXOSC,759.427905,0.31667,6.93
R,sp|B7QK46|QPCT_IXOSC,174.111675,-4.5,11.04
FNGGVGR,sp|B7QK46|QPCT_IXOSC,705.3558050000001,-0.31429,11.04
K,sp|B7QK46|QPCT_IXOSC,146.105525,-3.9,10.07
AQAK,sp|B7QK46|QPCT_IXOSC,416.238325,-0.95,10.07
AFGCTQGR,sp|B7QK46|QPCT_IXOSC,838.375565,-0.3,8.89
WPK,sp|B7QK46|QPCT_IXOSC,429.237595,-2.13333,10.07
K,sp|B7QK46|QPCT_IXOSC,146.105525,-3.9,10.07
SAEFLWQLLR,sp|B7QK46|QPCT_IXOSC,1261.681885,0.28,6.93
NAESNADYK,sp|B7QK46|QPCT_IXOSC,1010.430495,-1.82222,3.97
GLDVDR,sp|B7QK46|QPCT_IXOSC,673.339485,-0.65,3.68
LVIDHIQVNR,sp|B7QK46|QPCT_IXOSC,1205.6880350000001,0.3,7.8
APK,sp|B7QK46|QPCT_IXOSC,314.195395,-1.23333,10.07
MR,sp|B7QK46|QPCT_IXOSC,305.152165,-1.3,11.04
R,sp|B7QK46|QPCT_IXOSC,174.111675,-4.5,11.04
R,sp|B7QK46|QPCT_IXOSC,174.111675,-4.5,11.04
TYR,sp|B7QK46|QPCT_IXOSC,438.222685,-2.16667,9.83
AHGR,sp|B7QK46|QPCT_IXOSC,439.229155,-1.575,11.04
INPYMSSPCHIEVILSEK,sp|B7QK46|QPCT_IXOSC,2059.011815,0.07778,5.29
EQVVAAPSPEEDAPK,sp|B7QK46|QPCT_IXOSC,1565.757275,-0.88,3.61
K,sp|B7QK46|QPCT_IXOSC,146.105525,-3.9,10.07
K,sp|B7QK46|QPCT_IXOSC,146.105525,-3.9,10.07
QSK,sp|B7QK46|QPCT_IXOSC,361.19613499999997,-2.73333,10.07
K,sp|B7QK46|QPCT_IXOSC,146.105525,-3.9,10.07
K,sp|B7QK46|QPCT_IXOSC,146.105525,-3.9,10.07
MAR,sp|B7QK46|QPCT_IXOSC,376.189275,-0.26667,11.04
QK,sp|B7QK46|QPCT_IXOSC,274.164105,-3.7,10.07
LMQR,sp|B7QK46|QPCT_IXOSC,546.294805,-0.575,11.04
D,sp|B7QK46|QPCT_IXOSC,133.037505,-3.5,2.98
MQNEAGEYVDLYIPR,sp|B7QK46|QPCT_IXOSC,1796.840315,-0.69333,3.75
K,sp|B7QK46|QPCT_IXOSC,146.105525,-3.9,10.07
CSTSNR,sp|B7QK46|QPCT_IXOSC,666.2755350000001,-1.3,8.89
IIHAK,sp|B7QK46|QPCT_IXOSC,580.369665,0.74,10.07
DHASIQINLAIVDEQSGR,sp|B7QK46|QPCT_IXOSC,1964.9915350000003,-0.31111,4.17
ATGETKPYAICGAIR,sp|B7QK46|QPCT_IXOSC,1549.792235,-0.00667,8.78
R,sp|B7QK46|QPCT_IXOSC,174.111675,-4.5,11.04
MGESDDCITR,sp|B7QK46|QPCT_IXOSC,1125.443055,-0.8,3.55
LAK,sp|B7QK46|QPCT_IXOSC,330.226695,0.56667,10.07
DDGYIPK,sp|B7QK46|QPCT_IXOSC,806.381015,-1.38571,3.68
DF,sp|B7QK46|QPCT_IXOSC,280.105915,-0.35,2.98
MAR,sp|B7QK46|QPCT_IXOSC,376.189275,-0.26667,11.04
GPK,sp|B7QK46|QPCT_IXOSC,300.17974499999997,-1.96667,10.07
K,sp|B7QK46|QPCT_IXOSC,146.105525,-3.9,10.07
HLK,sp|B7QK46|QPCT_IXOSC,396.248495,-1.1,10.07
R,sp|B7QK46|QPCT_IXOSC,174.111675,-4.5,11.04
LNAPK,sp|B7QK46|QPCT_IXOSC,541.322385,-0.68,10.07
SWMLDK,sp|B7QK46|QPCT_IXOSC,778.3683550000001,-0.56667,6.61
LGGVFAPRPSTGPHK,sp|B7QK46|QPCT_IXOSC,1519.825905,-0.43333,11.54
LR,sp|B7QK46|QPCT_IXOSC,287.19573499999996,-0.35,11.04
ESLPLIIMLR,sp|B7QK46|QPCT_IXOSC,1183.699845,1.19,6.93
NR,sp|B7QK46|QPCT_IXOSC,288.154605,-4.0,11.04
LK,sp|B7QK46|QPCT_IXOSC,259.18958499999997,-0.05,10.07
YALTGAEVK,sp|B7QK46|QPCT_IXOSC,950.507275,0.2,6.85
K,sp|B7QK46|QPCT_IXOSC,146.105525,-3.9,10.07
IVK,sp|B7QK46|QPCT_IXOSC,358.257995,1.6,10.07
QR,sp|B7QK46|QPCT_IXOSC,302.170255,-4.0,11.04
LIK,sp|B7QK46|QPCT_IXOSC,372.27364499999993,1.46667,10.07
VDGK,sp|B7QK46|QPCT_IXOSC,417.222335,-0.9,6.61
VR,sp|B7QK46|QPCT_IXOSC,273.180085,-0.15,11.04
TDTNYPAGFMDVVTIEK,sp|B7QK46|QPCT_IXOSC,1899.892405,-0.22941,3.55
TGEFFR,sp|B7QK46|QPCT_IXOSC,755.3602249999999,-0.58333,6.93
LLYDVK,sp|B7QK46|QPCT_IXOSC,749.432325,0.51667,6.55
GR,sp|B7QK46|QPCT_IXOSC,231.13313499999998,-2.45,11.04
FTLHR,sp|B7QK46|QPCT_IXOSC,672.370735,-0.36,11.04
ITPEEAK,sp|B7QK46|QPCT_IXOSC,786.412315,-0.98571,4.26
YK,sp|B7QK46|QPCT_IXOSC,309.16885499999995,-2.6,9.71
LCR,sp|B7QK46|QPCT_IXOSC,390.204925,0.6,8.89
VK,sp|B7QK46|QPCT_IXOSC,245.17393499999997,0.15,10.07
R,sp|B7QK46|QPCT_IXOSC,174.111675,-4.5,11.04
VQVGPK,sp|B7QK46|QPCT_IXOSC,626.3751450000001,-0.16667,10.07
GVPFLTTHDAR,sp|B7QK46|QPCT_IXOSC,1212.625095,-0.18182,7.8
TIR,sp|B7QK46|QPCT_IXOSC,388.24341499999997,-0.23333,11.04
YPDPLIK,sp|B7QK46|QPCT_IXOSC,844.4694350000001,-0.51429,6.55
VNDTVK,sp|B7QK46|QPCT_IXOSC,674.359895,-0.53333,6.61
VDLATGK,sp|B7QK46|QPCT_IXOSC,702.3911850000001,0.18571,6.61
IDDYIK,sp|B7QK46|QPCT_IXOSC,765.390855,-0.53333,3.68
FDSGNVCMVTGGHNLGR,sp|B7QK46|QPCT_IXOSC,1762.7879049999997,-0.11176,7.08
VGVITSR,sp|B7QK46|QPCT_IXOSC,730.4337250000001,0.92857,11.04
ER,sp|B7QK46|QPCT_IXOSC,303.15426499999995,-4.0,6.93
HPGSFDIVHVK,sp|B7QK46|QPCT_IXOSC,1234.6458249999998,-0.08182,7.93
DSQGHSFATR,sp|B7QK46|QPCT_IXOSC,1104.494825,-1.28,7.8
LNYIFVIGK,sp|B7QK46|QPCT_IXOSC,1065.622245,1.18889,9.71
STKPYISLPR,sp|B7QK46|QPCT_IXOSC,1160.6553450000001,-0.69,10.41
GK,sp|B7QK46|QPCT_IXOSC,203.126985,-2.15,10.07
GIK,sp|B7QK46|QPCT_IXOSC,316.21104499999996,0.06667,10.07
LSVAEER,sp|B7QK46|QPCT_IXOSC,802.418465,-0.35714,4.26
DR,sp|B7QK46|QPCT_IXOSC,289.138615,-4.0,6.63
R,sp|B7QK46|QPCT_IXOSC,174.111675,-4.5,11.04
LQAK,sp|B7QK46|QPCT_IXOSC,458.285275,-0.45,10.07
SQH,sp|B7QK46|QPCT_IXOSC,370.16008500000004,-2.5,7.8
MPTQDSAAK,sp|B7QK46|QPCT_IXOSC,947.438225,-0.94444,6.61
QADDGFQLVQK,sp|B7QK46|QPCT_IXOSC,1247.614595,-0.83636,3.68
K,sp|B7QK46|QPCT_IXOSC,146.105525,-3.9,10.07
SR,sp|B7QK46|QPCT_IXOSC,261.143705,-2.65,11.04
K,sp|B7QK46|QPCT_IXOSC,146.105525,-3.9,10.07
R,sp|B7QK46|QPCT_IXOSC,174.111675,-4.5,11.04
K,sp|B7QK46|QPCT_IXOSC,146.105525,-3.9,10.07
MTMDMDDADPK,sp|B7QK46|QPCT_IXOSC,1268.4723049999998,-1.15455,3.23
AGAVVYPPAK,sp|B7QK46|QPCT_IXOSC,971.5439850000001,0.5,9.71
QEK,sp|B7QK46|QPCT_IXOSC,403.206695,-3.63333,6.9
LEGK,sp|B7QK46|QPCT_IXOSC,445.253635,-1.0,6.9
GELR,sp|B7QK46|QPCT_IXOSC,473.25978499999997,-1.15,6.93
R,sp|B7QK46|QPCT_IXOSC,174.111675,-4.5,11.04
IAVPAHR,sp|B7QK46|QPCT_IXOSC,762.4500350000001,0.42857,11.04
YTPLK,sp|B7QK46|QPCT_IXOSC,620.3533550000001,-0.74,9.71
DNWLK,sp|B7QK46|QPCT_IXOSC,674.3387650000001,-1.6,6.61
IFTPVVEHLHLQIR,sp|B7QK46|QPCT_IXOSC,1700.972575,0.54286,7.95
FNLK,sp|B7QK46|QPCT_IXOSC,520.300925,-0.2,10.07
SR,sp|B7QK46|QPCT_IXOSC,261.143705,-2.65,11.04
CVEIR,sp|B7QK46|QPCT_IXOSC,618.3159250000001,0.64,6.21
TCK,sp|B7QK46|QPCT_IXOSC,350.162395,-0.7,8.86
ETEEPSALQK,sp|B7QK46|QPCT_IXOSC,1130.545515,-1.54,3.96
AADFVR,sp|B7QK46|QPCT_IXOSC,677.349655,0.43333,6.63
AFTLGFEVDDALALVR,sp|B7QK46|QPCT_IXOSC,1735.914435,0.91875,3.55
LDELFLESFDVQDVKPLK,sp|B7QK46|QPCT_IXOSC,2134.119735,-0.11111,3.7
GDHLAR,sp|B7QK46|QPCT_IXOSC,667.3401550000001,-1.0,7.8
CIGR,sp|B7QK46|QPCT_IXOSC,447.226385,0.525,8.89
LAGK,sp|B7QK46|QPCT_IXOSC,387.24815499999994,0.325,10.07
GGR,sp|B7QK46|QPCT_IXOSC,288.154595,-1.76667,11.04
TK,sp|B7QK46|QPCT_IXOSC,247.15320499999996,-2.3,10.07
FTIENVTK,sp|B7QK46|QPCT_IXOSC,950.507285,-0.1,6.9
TR,sp|B7QK46|QPCT_IXOSC,275.159355,-2.6,11.04
IVLADSK,sp|B7QK46|QPCT_IXOSC,744.438135,0.87143,6.61
VHILGSYQNIR,sp|B7QK46|QPCT_IXOSC,1298.709505,-0.01818,9.83
AAR,sp|B7QK46|QPCT_IXOSC,316.185895,-0.3,11.04
TALCNLVLGKPPSK,sp|B7QK46|QPCT_IXOSC,1439.8169950000001,0.25,9.88
VYGTMR,sp|B7QK46|QPCT_IXOSC,725.3530450000001,-0.13333,9.83
QLASR,sp|B7QK46|QPCT_IXOSC,573.3234550000001,-0.64,11.04
IGER,sp|B7QK46|QPCT_IXOSC,473.25978499999997,-0.975,6.93
F,sp|B7QK46|QPCT_IXOSC,165.078975,2.8,5.95
MPK,sp|B7QK46|QPCT_IXOSC,374.198775,-1.2,10.07
QLK,sp|B7QK46|QPCT_IXOSC,387.248165,-1.2,10.07
EIK,sp|B7QK46|QPCT_IXOSC,388.2321749999999,-0.96667,6.9
EFLLTAR,sp|B7QK46|QPCT_IXOSC,848.4755850000001,0.5,6.93
R,sp|B7QK46|QPCT_IXOSC,174.111675,-4.5,11.04
K,sp|B7QK46|QPCT_IXOSC,146.105525,-3.9,10.07
DAK,sp|B7QK46|QPCT_IXOSC,332.16957499999995,-1.86667,6.61
SVK,sp|B7QK46|QPCT_IXOSC,332.20596499999994,-0.16667,10.07
IK,sp|B7QK46|QPCT_IXOSC,259.18958499999997,0.3,10.07
K,sp|B7QK46|QPCT_IXOSC,146.105525,-3.9,10.07
NPDNVTK,sp|B7QK46|QPCT_IXOSC,786.3871750000001,-1.78571,6.61
FK,sp|B7QK46|QPCT_IXOSC,293.173935,-0.55,10.07
VR,sp|B7QK46|QPCT_IXOSC,273.180085,-0.15,11.04
CSK,sp|B7QK46|QPCT_IXOSC,336.14674499999995,-0.73333,8.86
YLYTIVVTEK,sp|B7QK46|QPCT_IXOSC,1227.6750749999999,0.53,6.8
EK,sp|B7QK46|QPCT_IXOSC,275.14811499999996,-3.7,6.9
AEK,sp|B7QK46|QPCT_IXOSC,346.185225,-1.86667,6.9
LK,sp|B7QK46|QPCT_IXOSC,259.18958499999997,-0.05,10.07
QSLPPGLQVK,sp|B7QK46|QPCT_IXOSC,1065.6182250000002,-0.35,10.07
ELK,sp|B7QK46|QPCT_IXOSC,388.2321749999999,-1.2,6.9
MNAALIAALLILGALTLDATAYSSTCER,sp|B7QK46|QPCT_IXOSC,2865.4979549999994,1.01429,3.97
IPCTNNSDCHGPDLCQCRPPR,sp|B7QK46|QPCT_IXOSC,2324.9871049999997,-0.9381,6.76
GDDFGYFCSEY,sp|B7QK46|QPCT_IXOSC,1301.4546549999998,-0.6,2.76
MNAAFIAALLILGALTLDAMAYSFTCER,sp|B7QK46|QPCT_IXOSC,2989.5114949999997,1.2,3.97
IPCTNNSDCHGSDLCQCRPPR,sp|B7QK46|QPCT_IXOSC,2314.966375,-0.9,6.76
GDGFSYFCSEY,sp|B7QK46|QPCT_IXOSC,1273.4597449999999,-0.35455,2.91
MAVSSGTSGMLATCLFMLLFATMQIYK,sp|B7QK46|QPCT_IXOSC,2914.417495,1.14815,8.78
SQLTSSQPMAIVGGFLGSVLFILILTAISNFETHFFGR,sp|B7QK46|QPCT_IXOSC,4098.165175,0.89211,7.8
NFQTK,sp|B7QK46|QPCT_IXOSC,636.323125,-1.76,10.07
LIPEVVIALVIAMAASGMVHR,sp|B7QK46|QPCT_IXOSC,2189.242785,1.6619,7.8
VCITTCLIFSIVALYYVSR,sp|B7QK46|QPCT_IXOSC,2163.147185,1.74737,8.13
ISIK,sp|B7QK46|QPCT_IXOSC,459.305675,1.075,10.07
VHGSGAGTATAIPVTK,sp|B7QK46|QPCT_IXOSC,1465.788855,0.34375,10.07
GK,sp|B7QK46|QPCT_IXOSC,203.126985,-2.15,10.07
K,sp|B7QK46|QPCT_IXOSC,146.105525,-3.9,10.07
GK,sp|B7QK46|QPCT_IXOSC,203.126985,-2.15,10.07
MVLR,sp|B7QK46|QPCT_IXOSC,517.304635,1.35,11.04
ILLR,sp|B7QK46|QPCT_IXOSC,513.363855,1.9,11.04
YLLHNEQLVQR,sp|B7QK46|QPCT_IXOSC,1411.757185,-0.67273,7.74
LADSYPFR,sp|B7QK46|QPCT_IXOSC,967.4763150000001,-0.4125,6.57
R,sp|B7QK46|QPCT_IXOSC,174.111675,-4.5,11.04
AAQLTASLILR,sp|B7QK46|QPCT_IXOSC,1155.697535,1.07273,11.04
GK,sp|B7QK46|QPCT_IXOSC,203.126985,-2.15,10.07
SLGQESLELMSTSSLLR,sp|B7QK46|QPCT_IXOSC,1849.9455150000001,0.04706,4.26
K,sp|B7QK46|QPCT_IXOSC,146.105525,-3.9,10.07
LVER,sp|B7QK46|QPCT_IXOSC,515.306735,0.0,6.93
LSQTGEQAK,sp|B7QK46|QPCT_IXOSC,960.487615,-1.18889,6.9
QFSTEK,sp|B7QK46|QPCT_IXOSC,738.354815,-1.6,6.9
AK,sp|B7QK46|QPCT_IXOSC,217.14263499999998,-1.05,10.07
R,sp|B7QK46|QPCT_IXOSC,174.111675,-4.5,11.04
LEEAIK,sp|B7QK46|QPCT_IXOSC,701.395935,-0.13333,4.26
DMK,sp|B7QK46|QPCT_IXOSC,392.17295499999994,-1.83333,6.61
R,sp|B7QK46|QPCT_IXOSC,174.111675,-4.5,11.04
K,sp|B7QK46|QPCT_IXOSC,146.105525,-3.9,10.07
QGL,sp|B7QK46|QPCT_IXOSC,316.17466499999995,-0.03333,5.95
MISDIILFGTLMVNAGAVLNFK,sp|B7QK46|QPCT_IXOSC,2366.274155,1.34545,6.61
LQK,sp|B7QK46|QPCT_IXOSC,387.248165,-1.2,10.07
TPSESFVEK,sp|B7QK46|QPCT_IXOSC,1022.4920250000001,-0.86667,4.26
TEPTAGDK,sp|B7QK46|QPCT_IXOSC,817.381745,-1.5625,3.97
IR,sp|B7QK46|QPCT_IXOSC,287.19573499999996,0.0,11.04
DFLGAVR,sp|B7QK46|QPCT_IXOSC,776.4180650000001,0.6,6.63
YFR,sp|B7QK46|QPCT_IXOSC,484.243415,-1.0,9.83
AFIGLWNIFIMFLMLVFFGS,sp|B7QK46|QPCT_IXOSC,2365.240665,2.135,5.95
