"glytoucan_ac","byonic"
"G72731KV","HexNAc(2)Hex(3)Pent(1) % 1024.359475"
"G42032FN","HexNAc(2)Hex(3)dHex(1)Pent(1) % 1170.417383"
"G84164DF","HexNAc(3)Hex(3)dHex(1)Pent(1) % 1373.496756"
"G67486RJ","HexNAc(4)Hex(3)Sulpho(1) % 1378.432776"
"G41247ZX","HexNAc(2)Hex(6) % 1378.475686"
"G54168YD","HexNAc(4)Hex(3)dHex(1)Sulpho(1) % 1524.490684"
"G02860WV","HexNAc(2)Hex(6)dHex(1) % 1524.533595"
"G76535FN","HexNAc(2)Hex(6)Phospho(2) % 1538.408348"
"G92119WG","HexNAc(4)Hex(4)Sulpho(1) % 1540.485599"
"G31852PQ","HexNAc(2)Hex(7) % 1540.528510"
"G81920JR","HexNAc(4)Hex(3)dHex(1)Pent(1) % 1576.576129"
"G63273GB","HexNAc(5)Hex(3)Sulpho(1) % 1581.512148"
"G10486CT","HexNAc(4)Hex(5) % 1622.581608"
"G15205QB","HexNAc(3)Hex(6)Phospho(1) % 1661.521390"
"G45703RF","HexNAc(1)Hex(9) % 1661.554784"
"G72790NZ","HexNAc(5)Hex(4) % 1663.608157"
"G13381VV","HexNAc(2)Hex(6)NeuAc(1) % 1669.571103"
"G86270PX","HexNAc(4)Hex(4)dHex(1)Sulpho(1) % 1686.543508"
"G27342PV","HexNAc(4)Hex(4)dHex(1)Phospho(1) % 1686.553024"
"G14191MJ","HexNAc(2)Hex(7)dHex(1) % 1686.586419"
"G72791KH","HexNAc(3)Hex(4)dHex(1)NeuAc(1) % 1694.602737"
"G03930BU","HexNAc(3)Hex(4)dHex(3) % 1695.623138"
"G62765YT","HexNAc(2)Hex(8) % 1702.581333"
"G66139DE","HexNAc(3)Hex(4)dHex(1)NeuGc(1) % 1710.597652"
"G69121UK","HexNAc(5)Hex(3)dHex(1)Sulpho(1) % 1727.570057"
"G03574QJ","HexNAc(3)Hex(6)dHex(1) % 1727.612968"
"G36923NX","HexNAc(4)Hex(3)dHex(1)NeuAc(1) % 1735.629286"
"G39411LN","HexNAc(5)Hex(4)Sulpho(1) % 1743.564972"
"G89430VM","HexNAc(6)Hex(3)Sulpho(1) % 1784.591521"
"G29898ES","HexNAc(5)Hex(3)NeuAc(1) % 1792.650750"
"G04681UD","HexNAc(1)Hex(10) % 1823.607608"
"G63236GA","HexNAc(4)Hex(5)dHex(1)Sulpho(1) % 1848.596331"
"G42817NX","HexNAc(6)Hex(3)Sulpho(2) % 1864.548335"
"G80920RR","HexNAc(2)Hex(9) % 1864.634157"
"G25079LO","HexNAc(6)Hex(4) % 1866.687530"
"G50372IH","HexNAc(3)Hex(6)dHex(2) % 1873.670877"
"G46503DX","HexNAc(4)Hex(3)NeuAc(2) % 1880.666794"
"G73943YH","HexNAc(5)Hex(4)dHex(1)Sulpho(1) % 1889.622880"
"G28905MY","HexNAc(3)Hex(8) % 1905.660706"
"G73430PD","HexNAc(7)Hex(3) % 1907.714079"
"G53874PO","HexNAc(4)Hex(5)dHex(1)Sulpho(2) % 1928.553146"
"G25469RD","HexNAc(4)Hex(5)NeuGc(1) % 1929.671939"
"G11145KS","HexNAc(6)Hex(3)dHex(1)Sulpho(1) % 1930.649430"
"G49018RC","HexNAc(4)Hex(7) % 1946.687255"
"G86182NS","HexNAc(5)Hex(4)NeuAc(1) % 1954.703574"
"G62273EM","HexNAc(5)Hex(4)dHex(1)Sulpho(2) % 1969.579695"
"G28684RO","HexNAc(5)Hex(4)NeuGc(1) % 1970.698488"
"G85740DB","HexNAc(5)Hex(5)dHex(1) % 1971.718889"
"G78923UG","HexNAc(3)Hex(8)Phospho(1) % 1985.627037"
"G60033FS","HexNAc(5)Hex(6) % 1987.713804"
"G61261ID","HexNAc(4)Hex(5)NeuAc(1)Sulpho(1) % 1993.633839"
"G63276XU","HexNAc(6)Hex(3)NeuAc(1) % 1995.730123"
"G59540CB","HexNAc(6)Hex(3)dHex(2) % 1996.750524"
"G71640LP","HexNAc(6)Hex(3)dHex(1)Sulpho(2) % 2010.606244"
"G56610MH","HexNAc(6)Hex(4)dHex(1) % 2012.745438"
"G24255JV","HexNAc(3)Hex(6)dHex(3) % 2019.728785"
"G83460ZZ","HexNAc(2)Hex(10) % 2026.686980"
"G43769HG","HexNAc(6)Hex(5) % 2028.740353"
"G79961MR","HexNAc(5)Hex(4)NeuAc(1)Sulpho(1) % 2034.660388"
"G83466CO","HexNAc(3)Hex(6)dHex(1)NeuGc(1) % 2034.703299"
"G42407LQ","HexNAc(5)Hex(4)dHex(2)Sulpho(1) % 2035.680789"
"G62990JB","HexNAc(5)Hex(5)dHex(1)Phospho(1) % 2051.685220"
"G67367OT","HexNAc(7)Hex(3)dHex(1) % 2053.771988"
"G08293MJ","HexNAc(4)Hex(5)dHex(1)NeuAc(1) % 2059.734933"
"G50713DU","HexNAc(3)Hex(9) % 2067.713529"
"G34029GR","HexNAc(7)Hex(4) % 2069.766902"
"G80280AS","HexNAc(4)Hex(5)dHex(1)NeuGc(1) % 2075.729848"
"G60875AH","HexNAc(4)Hex(6)NeuGc(1) % 2091.724763"
"G62595EF","HexNAc(4)Hex(7)dHex(1) % 2092.745164"
"G44953PJ","HexNAc(5)Hex(4)dHex(1)NeuAc(1) % 2100.761483"
"G79874FN","HexNAc(4)Hex(7)Phospho(2) % 2106.619917"
"G96430BV","HexNAc(8)Hex(3) % 2110.793451"
"G83646BJ","HexNAc(5)Hex(5)NeuAc(1) % 2116.756397"
"G71426SM","HexNAc(5)Hex(5)NeuGc(1) % 2132.751312"
"G44211QA","HexNAc(5)Hex(6)dHex(1) % 2133.771713"
"G84318LI","HexNAc(4)Hex(5)dHex(1)NeuAc(1)Sulpho(1) % 2139.691748"
"G33556XM","HexNAc(6)Hex(3)dHex(1)NeuAc(1) % 2141.788032"
"G93526NJ","HexNAc(6)Hex(3)dHex(3) % 2142.808433"
"G83973UR","HexNAc(5)Hex(6)Sulpho(2) % 2147.627433"
"G86800DW","HexNAc(1)Hex(12) % 2147.713255"
"G14368ET","HexNAc(5)Hex(7) % 2149.766628"
"G23505EP","HexNAc(6)Hex(4)NeuAc(1) % 2157.782946"
"G33766VH","HexNAc(6)Hex(3)dHex(1)NeuGc(1) % 2157.782946"
"G20698EO","HexNAc(6)Hex(4)dHex(2) % 2158.803347"
"G69364JQ","HexNAc(6)Hex(5)dHex(1) % 2174.798262"
"G88691YO","HexNAc(5)Hex(4)dHex(1)NeuAc(1)Sulpho(1) % 2180.718297"
"G58087IP","HexNAc(2)Hex(11) % 2188.739804"
"G47737VJ","HexNAc(4)Hex(5)dHex(2)NeuAc(1) % 2205.792842"
"G05933EN","HexNAc(4)Hex(5)dHex(4) % 2206.813243"
"G06853GH","HexNAc(7)Hex(4)dHex(1) % 2215.824811"
"G18999ZC","HexNAc(4)Hex(5)NeuAc(1)NeuGc(1) % 2220.767356"
"G30123TP","HexNAc(4)Hex(5)dHex(2)NeuGc(1) % 2221.787757"
"G26330YA","HexNAc(7)Hex(5) % 2231.819726"
"G24748EV","HexNAc(4)Hex(5)NeuGc(2) % 2236.762270"
"G31986NC","HexNAc(4)Hex(7)NeuAc(1) % 2237.782672"
"G37412TK","HexNAc(5)Hex(4)NeuAc(2) % 2245.798990"
"G46982GD","HexNAc(8)Hex(3)dHex(1) % 2256.851360"
"G29276EO","HexNAc(5)Hex(4)NeuAc(1)NeuGc(1) % 2261.793905"
"G12580WI","HexNAc(5)Hex(5)dHex(1)NeuAc(1) % 2262.814306"
"G59334JE","HexNAc(8)Hex(4) % 2272.846275"
"G30862UC","HexNAc(5)Hex(4)NeuGc(2) % 2277.788820"
"G40926MX","HexNAc(5)Hex(6)NeuAc(1) % 2278.809221"
"G66933CM","HexNAc(5)Hex(6)dHex(2) % 2279.829622"
"G19784PR","HexNAc(6)Hex(3)dHex(2)NeuAc(1) % 2287.845941"
"G22913YS","HexNAc(5)Hex(6)dHex(1)Sulpho(2) % 2293.685342"
"G80160PH","HexNAc(5)Hex(6)NeuGc(1) % 2294.804135"
"G60785ZW","HexNAc(6)Hex(3)dHex(2)NeuGc(1) % 2303.840855"
"G79941IJ","HexNAc(6)Hex(4)dHex(1)NeuAc(1) % 2303.840855"
"G83014KM","HexNAc(5)Hex(8) % 2311.819451"
"G31028YV","HexNAc(9)Hex(3) % 2313.872824"
"G21658QF","HexNAc(4)Hex(7)NeuAc(1)Phospho(1) % 2317.749002"
"G61613II","HexNAc(6)Hex(5)dHex(2) % 2320.856171"
"G80735OA","HexNAc(6)Hex(6)dHex(1) % 2336.851085"
"G59324HL","HexNAc(2)Hex(12) % 2350.792627"
"G88374WZ","HexNAc(4)Hex(5)dHex(1)NeuAc(2) % 2350.830350"
"G07799LX","HexNAc(4)Hex(5)dHex(3)NeuAc(1) % 2351.850751"
"G43669FQ","HexNAc(6)Hex(7) % 2352.846000"
"G70333IQ","HexNAc(4)Hex(5)dHex(5) % 2352.871152"
"G48642OF","HexNAc(5)Hex(6)NeuAc(1)Sulpho(1) % 2358.766035"
"G43560PI","HexNAc(7)Hex(4)dHex(2) % 2361.882720"
"G29279QO","HexNAc(4)Hex(5)dHex(1)NeuAc(1)NeuGc(1) % 2366.825265"
"G40834TG","HexNAc(4)Hex(6)NeuAc(2) % 2366.825265"
"G57269FM","HexNAc(5)Hex(6)dHex(1)Sulpho(3) % 2373.642157"
"G14440NQ","HexNAc(7)Hex(5)dHex(1) % 2377.877635"
"G45819QB","HexNAc(4)Hex(5)dHex(1)NeuGc(2) % 2382.820179"
"G83131MV","HexNAc(6)Hex(4)dHex(1)NeuAc(1)Sulpho(1) % 2383.797670"
"G43734MM","HexNAc(7)Hex(6) % 2393.872549"
"G96235ZC","HexNAc(5)Hex(4)dHex(1)NeuAc(1)NeuGc(1) % 2407.851814"
"G98611JV","HexNAc(5)Hex(5)NeuAc(2) % 2407.851814"
"G84492TS","HexNAc(5)Hex(5)dHex(2)NeuAc(1) % 2408.872215"
"G61605LI","HexNAc(5)Hex(5)dHex(4) % 2409.892616"
"G13973YO","HexNAc(4)Hex(9)dHex(1) % 2416.850811"
"G07764QX","HexNAc(5)Hex(5)NeuAc(1)NeuGc(1) % 2423.846728"
"G86752LQ","HexNAc(5)Hex(6)dHex(1)NeuAc(1) % 2424.867130"
"G41126SR","HexNAc(5)Hex(6)dHex(3) % 2425.887531"
"G21586TD","HexNAc(4)Hex(5)dHex(1)NeuAc(2)Sulpho(1) % 2430.787165"
"G04854VP","HexNAc(8)Hex(5) % 2434.899098"
"G32762BU","HexNAc(5)Hex(6)NeuAc(1)Sulpho(2) % 2438.722850"
"G38595OH","HexNAc(5)Hex(5)NeuGc(2) % 2439.841643"
"G17023GV","HexNAc(5)Hex(7)NeuAc(1) % 2440.862044"
"G90851QG","HexNAc(5)Hex(6)dHex(1)NeuGc(1) % 2440.862044"
"G39454SL","HexNAc(6)Hex(3)dHex(1)NeuAc(1)NeuGc(1) % 2448.878363"
"G63980BQ","HexNAc(6)Hex(4)NeuAc(2) % 2448.878363"
"G60743GT","HexNAc(5)Hex(8)dHex(1) % 2457.877360"
"G05926FW","HexNAc(9)Hex(3)dHex(1) % 2459.930733"
"G66578LC","HexNAc(6)Hex(3)dHex(1)NeuGc(2) % 2464.873278"
"G43638QT","HexNAc(6)Hex(5)dHex(1)NeuAc(1) % 2465.893679"
"G40206WX","HexNAc(9)Hex(4) % 2475.925647"
"G85282JO","HexNAc(6)Hex(6)NeuAc(1) % 2481.888593"
"G67031OU","HexNAc(4)Hex(5)NeuAc(3) % 2495.867858"
"G84291SQ","HexNAc(4)Hex(5)dHex(2)NeuAc(2) % 2496.888259"
"G49739MP","HexNAc(6)Hex(7)dHex(1) % 2498.903909"
"G12959FT","HexNAc(2)Hex(13) % 2512.845451"
"G61466PB","HexNAc(4)Hex(6)dHex(3)NeuAc(1) % 2513.903575"
"G60027ZP","HexNAc(7)Hex(5)dHex(2) % 2523.935543"
"G30248BL","HexNAc(4)Hex(7)NeuAc(2) % 2528.878088"
"G89009DQ","HexNAc(7)Hex(6)dHex(1) % 2539.930458"
"G07937JG","HexNAc(4)Hex(5)NeuGc(3) % 2543.852602"
"G36670VW","HexNAc(5)Hex(5)dHex(1)NeuAc(2) % 2553.909723"
"G28622IK","HexNAc(7)Hex(7) % 2555.925373"
"G27947YN","HexNAc(5)Hex(6)NeuAc(2) % 2569.904637"
"G87709PJ","HexNAc(5)Hex(5)dHex(1)NeuAc(1)NeuGc(1) % 2569.904637"
"G03596YS","HexNAc(5)Hex(6)dHex(2)NeuAc(1) % 2570.925038"
"G26271XI","HexNAc(5)Hex(6)dHex(4) % 2571.945440"
"G30630UO","HexNAc(8)Hex(5)dHex(1) % 2580.957007"
"G66876TK","HexNAc(5)Hex(6)dHex(1)NeuAc(1)Sulpho(2) % 2584.780759"
"G09643UC","HexNAc(5)Hex(6)NeuAc(1)NeuGc(1) % 2585.899552"
"G63976XX","HexNAc(8)Hex(6) % 2596.951922"
"G76792KM","HexNAc(5)Hex(6)NeuGc(2) % 2601.894467"
"G09406IK","HexNAc(6)Hex(5)NeuAc(2) % 2610.931186"
"G64916EE","HexNAc(6)Hex(5)dHex(2)NeuAc(1) % 2611.951588"
"G18123SG","HexNAc(6)Hex(5)dHex(4) % 2612.971989"
"G16462LS","HexNAc(5)Hex(9)dHex(1) % 2619.930183"
"G37659EV","HexNAc(9)Hex(4)dHex(1) % 2621.983556"
"G54417MJ","HexNAc(6)Hex(6)dHex(1)NeuAc(1) % 2627.946502"
"G34852SB","HexNAc(6)Hex(6)dHex(3) % 2628.966903"
"G57077XE","HexNAc(4)Hex(5)dHex(1)NeuAc(3) % 2641.925767"
"G43005HM","HexNAc(4)Hex(5)dHex(3)NeuAc(2) % 2642.946168"
"G44753VC","HexNAc(6)Hex(7)NeuAc(1) % 2643.941417"
"G02287BL","HexNAc(6)Hex(7)dHex(2) % 2644.961818"
"G04612UW","HexNAc(5)Hex(6)NeuAc(2)Sulpho(1) % 2649.861452"
"G98457BU","HexNAc(4)Hex(6)NeuAc(3) % 2657.920681"
"G82537NK","HexNAc(4)Hex(5)dHex(3)NeuAc(1)NeuGc(1) % 2658.941082"
"G51096IO","HexNAc(6)Hex(7)NeuGc(1) % 2659.936331"
"G80723WE","HexNAc(6)Hex(8)dHex(1) % 2660.956732"
"G06156DS","HexNAc(2)Hex(14) % 2674.898274"
"G28584SV","HexNAc(4)Hex(5)dHex(3)NeuGc(2) % 2674.935997"
"G84259QT","HexNAc(7)Hex(6)NeuAc(1) % 2684.967966"
"G32812YZ","HexNAc(5)Hex(5)dHex(2)NeuAc(2) % 2699.967632"
"G17650MH","HexNAc(7)Hex(7)dHex(1) % 2701.983282"
"G85144OK","HexNAc(5)Hex(6)dHex(1)NeuAc(2) % 2715.962546"
"G04784US","HexNAc(5)Hex(6)dHex(3)NeuAc(1) % 2716.982947"
"G75568BH","HexNAc(7)Hex(8) % 2717.978196"
"G05609XV","HexNAc(5)Hex(7)NeuAc(2) % 2731.957461"
"G50204XM","HexNAc(5)Hex(6)dHex(1)NeuAc(1)NeuGc(1) % 2731.957461"
"G24267AJ","HexNAc(5)Hex(6)dHex(3)NeuGc(1) % 2732.977862"
"G77959MZ","HexNAc(5)Hex(6)dHex(1)NeuGc(2) % 2747.952375"
"G58014BV","HexNAc(5)Hex(8)dHex(1)NeuAc(1) % 2748.972777"
"G19517GM","HexNAc(6)Hex(5)dHex(1)NeuAc(2) % 2756.989095"
"G49755GI","HexNAc(6)Hex(6)NeuAc(2) % 2772.984010"
"G46177TS","HexNAc(6)Hex(6)dHex(4) % 2775.024812"
"G85677PP","HexNAc(4)Hex(5)NeuAc(4) % 2786.963274"
"G11206IW","HexNAc(6)Hex(6)dHex(1)NeuAc(1)Sulpho(2) % 2787.860131"
"G25707QU","HexNAc(6)Hex(6)NeuAc(1)NeuGc(1) % 2788.978925"
"G73686WG","HexNAc(6)Hex(7)dHex(1)NeuAc(1) % 2789.999326"
"G42789YX","HexNAc(6)Hex(7)dHex(3) % 2791.019727"
"G86200WT","HexNAc(5)Hex(6)dHex(1)NeuAc(2)Sulpho(1) % 2795.919361"
"G87208AT","HexNAc(6)Hex(8)NeuAc(1) % 2805.994240"
"G95460VT","HexNAc(6)Hex(9)dHex(1) % 2823.009556"
"G54378KA","HexNAc(7)Hex(6)dHex(1)NeuAc(1) % 2831.025875"
"G33635AG","HexNAc(7)Hex(6)dHex(3) % 2832.046276"
"G06583FZ","HexNAc(2)Hex(15) % 2836.951098"
"G70974BY","HexNAc(5)Hex(5)dHex(3)NeuAc(2) % 2846.025540"
"G96002QE","HexNAc(7)Hex(7)dHex(2) % 2848.041190"
"G06247RL","HexNAc(5)Hex(6)NeuAc(3) % 2861.000054"
"G84320LV","HexNAc(5)Hex(6)dHex(2)NeuAc(2) % 2862.020455"
"G55216FT","HexNAc(7)Hex(8)dHex(1) % 2864.036105"
"G02057QV","HexNAc(5)Hex(6)NeuAc(2)NeuGc(1) % 2876.994969"
"G77338BR","HexNAc(5)Hex(7)dHex(1)NeuAc(2) % 2878.015370"
"G81124ET","HexNAc(7)Hex(9) % 2880.031020"
"G16546FJ","HexNAc(5)Hex(6)NeuAc(1)NeuGc(2) % 2892.989883"
"G44630PQ","HexNAc(5)Hex(7)dHex(1)NeuAc(1)NeuGc(1) % 2894.010284"
"G51412NQ","HexNAc(5)Hex(8)dHex(4) % 2896.051087"
"G65957XL","HexNAc(8)Hex(7)dHex(1) % 2905.062654"
"G66228GC","HexNAc(5)Hex(6)NeuGc(3) % 2908.984798"
"G69964VV","HexNAc(5)Hex(7)dHex(1)NeuGc(2) % 2910.005199"
"G98596OT","HexNAc(6)Hex(6)dHex(1)NeuAc(2) % 2919.041919"
"G48149UR","HexNAc(6)Hex(6)dHex(3)NeuAc(1) % 2920.062320"
"G13635UJ","HexNAc(6)Hex(6)dHex(5) % 2921.082721"
"G37818NZ","HexNAc(6)Hex(7)NeuAc(2) % 2935.036833"
"G74006EE","HexNAc(6)Hex(6)dHex(1)NeuAc(1)NeuGc(1) % 2935.036833"
"G02447BS","HexNAc(6)Hex(7)dHex(2)NeuAc(1) % 2936.057235"
"G22589VJ","HexNAc(6)Hex(7)dHex(4) % 2937.077636"
"G12772RI","HexNAc(9)Hex(6)dHex(1) % 2946.089203"
"G05051WF","HexNAc(6)Hex(7)NeuAc(1)NeuGc(1) % 2951.031748"
"G05664AS","HexNAc(6)Hex(8)dHex(1)NeuAc(1) % 2952.052149"
"G65225MN","HexNAc(7)Hex(5)dHex(1)NeuAc(2) % 2960.068468"
"G13492FY","HexNAc(4)Hex(7)dHex(1)NeuAc(3) % 2966.031414"
"G95732YS","HexNAc(6)Hex(7)NeuGc(2) % 2967.026663"
"G59400CS","HexNAc(6)Hex(10)dHex(1) % 2985.062380"
"G18760WR","HexNAc(7)Hex(7)dHex(1)NeuAc(1) % 2993.078698"
"G92113CH","HexNAc(6)Hex(6)dHex(1)NeuAc(2)Sulpho(1) % 2998.998733"
"G11719TC","HexNAc(6)Hex(11) % 3001.057294"
"G94917XT","HexNAc(5)Hex(6)dHex(1)NeuAc(3) % 3007.057963"
"G12341GU","HexNAc(7)Hex(8)NeuAc(1) % 3009.073613"
"G27378DU","HexNAc(7)Hex(8)dHex(2) % 3010.094014"
"G53384JS","HexNAc(5)Hex(6)dHex(7) % 3010.119166"
"G28772DI","HexNAc(5)Hex(6)dHex(1)NeuAc(2)NeuGc(1) % 3023.052877"
"G51828IE","HexNAc(7)Hex(8)NeuGc(1) % 3025.068528"
"G84664JR","HexNAc(7)Hex(9)dHex(1) % 3026.088929"
"G10033OC","HexNAc(5)Hex(6)dHex(1)NeuAc(1)NeuGc(2) % 3039.047792"
"G21976AG","HexNAc(6)Hex(5)dHex(1)NeuAc(3) % 3048.084512"
"G92471WM","HexNAc(5)Hex(6)dHex(1)NeuGc(3) % 3055.042707"
"G18950SY","HexNAc(6)Hex(5)dHex(1)NeuAc(2)NeuGc(1) % 3064.079427"
"G30740WO","HexNAc(6)Hex(6)NeuAc(3) % 3064.079427"
"G98544EX","HexNAc(6)Hex(6)dHex(2)NeuAc(2) % 3065.099828"
"G24481HY","HexNAc(8)Hex(8)dHex(1) % 3067.115478"
"G32926LW","HexNAc(6)Hex(7)dHex(1)NeuAc(2) % 3081.094742"
"G73918EY","HexNAc(6)Hex(7)dHex(3)NeuAc(1) % 3082.115143"
"G39471UU","HexNAc(8)Hex(9) % 3083.110392"
"G78811TO","HexNAc(6)Hex(7)dHex(5) % 3083.135544"
"G94070IL","HexNAc(7)Hex(7)NeuAc(1)Sulpho(3) % 3086.891233"
"G41879GR","HexNAc(6)Hex(7)NeuAc(2)Sulpho(2) % 3094.950463"
"G47642TL","HexNAc(6)Hex(5)dHex(1)NeuGc(3) % 3096.069256"
"G63332OE","HexNAc(6)Hex(8)NeuAc(2) % 3097.089657"
"G74160PK","HexNAc(7)Hex(6)dHex(1)NeuAc(2) % 3122.121291"
"G19512II","HexNAc(6)Hex(11)dHex(1) % 3147.115203"
"G70389OA","HexNAc(5)Hex(6)NeuAc(4) % 3152.095471"
"G06704MH","HexNAc(5)Hex(6)dHex(2)NeuAc(3) % 3153.115872"
"G82348RD","HexNAc(7)Hex(8)dHex(1)NeuAc(1) % 3155.131522"
"G25910LL","HexNAc(8)Hex(6)dHex(4) % 3181.183557"
"G47388FY","HexNAc(7)Hex(6)dHex(1)NeuAc(2)Sulpho(1) % 3202.078106"
"G90885MZ","HexNAc(6)Hex(6)dHex(1)NeuAc(3) % 3210.137335"
"G59007LK","HexNAc(6)Hex(6)dHex(3)NeuAc(2) % 3211.157737"
"G67350BD","HexNAc(8)Hex(8)NeuAc(1) % 3212.152985"
"G15881BW","HexNAc(8)Hex(8)dHex(2) % 3213.173387"
"G92350NX","HexNAc(5)Hex(6)NeuGc(4) % 3216.075129"
"G03343NG","HexNAc(6)Hex(6)dHex(1)NeuAc(2)NeuGc(1) % 3226.132250"
"G99679NM","HexNAc(6)Hex(7)NeuAc(3) % 3226.132250"
"G17899TT","HexNAc(6)Hex(7)dHex(2)NeuAc(2) % 3227.152651"
"G81128KB","HexNAc(6)Hex(7)dHex(4)NeuAc(1) % 3228.173052"
"G53315IV","HexNAc(8)Hex(9)dHex(1) % 3229.168301"
"G55475TR","HexNAc(7)Hex(7)dHex(1)NeuAc(1)Sulpho(3) % 3232.949142"
"G98601GY","HexNAc(6)Hex(7)dHex(1)NeuAc(2)Sulpho(2) % 3241.008371"
"G26506TX","HexNAc(6)Hex(7)NeuAc(2)NeuGc(1) % 3242.127165"
"G61525OO","HexNAc(6)Hex(6)dHex(1)NeuGc(3) % 3258.122079"
"G90444EI","HexNAc(9)Hex(8)dHex(1) % 3270.194850"
"G56689CA","HexNAc(6)Hex(7)NeuGc(3) % 3274.116994"
"G51572MS","HexNAc(6)Hex(10)dHex(1)NeuAc(1) % 3276.157796"
"G83141DC","HexNAc(7)Hex(7)dHex(1)NeuAc(2) % 3284.174115"
"G87183DD","HexNAc(7)Hex(7)dHex(5) % 3286.214917"
"G14366OZ","HexNAc(6)Hex(7)NeuAc(3)Sulpho(1) % 3306.089065"
"G90409BE","HexNAc(5)Hex(7)NeuAc(4) % 3314.148294"
"G75060MV","HexNAc(6)Hex(6)dHex(2)NeuAc(3) % 3356.195244"
"G62886TD","HexNAc(8)Hex(8)dHex(1)NeuAc(1) % 3358.210894"
"G41044JW","HexNAc(6)Hex(7)dHex(1)NeuAc(3) % 3372.190159"
"G59101HX","HexNAc(6)Hex(7)dHex(3)NeuAc(2) % 3373.210560"
"G30221QT","HexNAc(8)Hex(9)NeuAc(1) % 3374.205809"
"G42815AD","HexNAc(6)Hex(8)NeuAc(3) % 3388.185074"
"G25098MR","HexNAc(6)Hex(9)dHex(1)NeuAc(2) % 3405.200389"
"G43806FA","HexNAc(6)Hex(9)dHex(5) % 3407.241191"
"G26006IS","HexNAc(7)Hex(6)dHex(1)NeuAc(3) % 3413.216708"
"G03962UW","HexNAc(6)Hex(9)dHex(1)NeuAc(1)NeuGc(1) % 3421.195304"
"G08578KJ","HexNAc(9)Hex(9)dHex(1) % 3432.247674"
"G38508ZL","HexNAc(7)Hex(7)dHex(6) % 3432.272826"
"G67113SI","HexNAc(5)Hex(6)NeuAc(5) % 3443.190887"
"G07238JI","HexNAc(7)Hex(7)dHex(1)NeuAc(2)Sulpho(2) % 3444.087744"
"G95484XN","HexNAc(7)Hex(8)dHex(1)NeuAc(2) % 3446.226938"
"G15127JD","HexNAc(9)Hex(10) % 3448.242588"
"G95480OU","HexNAc(6)Hex(7)dHex(1)NeuAc(3)Sulpho(1) % 3452.146973"
"G51240MJ","HexNAc(7)Hex(8)dHex(1)NeuAc(1)NeuGc(1) % 3462.221853"
"G95850XF","HexNAc(7)Hex(8)dHex(1)NeuGc(2) % 3478.216768"
"G15968KS","HexNAc(8)Hex(7)NeuAc(2)Sulpho(2) % 3501.109208"
"G25566QA","HexNAc(6)Hex(6)dHex(3)NeuAc(3) % 3502.253153"
"G11115RO","HexNAc(6)Hex(7)NeuAc(4) % 3517.227667"
"G87056QU","HexNAc(6)Hex(7)dHex(2)NeuAc(3) % 3518.248068"
"G76733PY","HexNAc(8)Hex(9)dHex(1)NeuAc(1) % 3520.263718"
"G41925PC","HexNAc(6)Hex(7)NeuAc(3)NeuGc(1) % 3533.222581"
"G80586MF","HexNAc(6)Hex(8)dHex(1)NeuAc(3) % 3534.242982"
"G42555WL","HexNAc(6)Hex(7)NeuAc(2)NeuGc(2) % 3549.217496"
"G24417MN","HexNAc(8)Hex(11)dHex(1) % 3553.273948"
"G14943SF","HexNAc(6)Hex(7)NeuAc(1)NeuGc(3) % 3565.212411"
"G25216KM","HexNAc(7)Hex(7)dHex(1)NeuAc(3) % 3575.269532"
"G33792IQ","HexNAc(9)Hex(9)dHex(2) % 3578.305583"
"G72778UY","HexNAc(6)Hex(7)NeuGc(4) % 3581.207325"
"G92643JL","HexNAc(7)Hex(7)dHex(1)NeuAc(2)NeuGc(1) % 3591.264446"
"G13716SG","HexNAc(9)Hex(10)dHex(1) % 3594.300497"
"G16455YH","HexNAc(8)Hex(7)dHex(1)NeuAc(2)Sulpho(2) % 3647.167117"
"G73408EA","HexNAc(7)Hex(7)dHex(1)NeuAc(3)Sulpho(1) % 3655.226346"
"G95678HJ","HexNAc(6)Hex(7)dHex(1)NeuAc(4) % 3663.285576"
"G48433AY","HexNAc(6)Hex(7)dHex(1)NeuAc(3)NeuGc(1) % 3679.280490"
"G14926RK","HexNAc(7)Hex(6)dHex(1)NeuAc(4) % 3704.312125"
"G44606CY","HexNAc(6)Hex(7)dHex(1)NeuGc(4) % 3727.265234"
"G59639BE","HexNAc(7)Hex(8)dHex(1)NeuAc(3) % 3737.322355"
"G99618ZW","HexNAc(7)Hex(8)dHex(3)NeuAc(2) % 3738.342756"
"G32611PG","HexNAc(7)Hex(8)dHex(1)NeuAc(2)NeuGc(1) % 3753.317270"
"G12872WY","HexNAc(10)Hex(10)dHex(1) % 3797.379870"
"G11942GC","HexNAc(6)Hex(7)NeuAc(5) % 3808.323083"
"G45631ZN","HexNAc(6)Hex(7)dHex(2)NeuAc(4) % 3809.343484"
"G24369TK","HexNAc(8)Hex(9)dHex(1)NeuAc(2) % 3811.359134"
"G11541NC","HexNAc(10)Hex(11) % 3813.374785"
"G66362RJ","HexNAc(7)Hex(7)dHex(1)NeuAc(4) % 3866.364948"
"G42823ZU","HexNAc(9)Hex(9)dHex(2)NeuAc(1) % 3869.400999"
"G66537LK","HexNAc(7)Hex(8)NeuAc(4) % 3882.359863"
"G50148ER","HexNAc(9)Hex(10)dHex(1)NeuAc(1) % 3885.395914"
"G29185AG","HexNAc(10)Hex(7)dHex(5) % 3895.453035"
"G91491VF","HexNAc(10)Hex(10)dHex(2) % 3943.437779"
"G97169FL","HexNAc(6)Hex(7)dHex(3)NeuAc(4) % 3955.401393"
"G52687MJ","HexNAc(10)Hex(11)dHex(1) % 3959.432693"
"G64615IX","HexNAc(7)Hex(8)dHex(1)NeuAc(4) % 4028.417772"
"G06818RT","HexNAc(7)Hex(8)dHex(1)NeuAc(3)NeuGc(1) % 4044.412686"
"G27033WF","HexNAc(8)Hex(9)dHex(1)NeuAc(3) % 4102.454551"
"G80338YO","HexNAc(8)Hex(11)dHex(1)NeuAc(2) % 4135.464781"
"G39258LN","HexNAc(11)Hex(11)dHex(1) % 4162.512066"
"G55848QM","HexNAc(7)Hex(8)dHex(2)NeuAc(4) % 4174.475681"
"G65057SM","HexNAc(9)Hex(7)dHex(1)NeuAc(4) % 4272.523693"
"G05528SJ","HexNAc(11)Hex(11)NeuAc(1) % 4307.549574"
"G98129ME","HexNAc(11)Hex(11)dHex(2) % 4308.569975"
"G39820SQ","HexNAc(7)Hex(8)dHex(3)NeuAc(4) % 4320.533589"
"G81904DM","HexNAc(11)Hex(12)dHex(1) % 4324.564890"
"G51637RO","HexNAc(8)Hex(9)dHex(1)NeuAc(4) % 4393.549968"
"G73991OZ","HexNAc(10)Hex(7)dHex(1)NeuAc(4) % 4475.603066"
"G56001JD","HexNAc(12)Hex(12)dHex(1) % 4527.644262"
"G08898WI","HexNAc(9)Hex(10)dHex(1)NeuAc(4) % 4758.682164"
"G09086VB","HexNAc(13)Hex(14)dHex(1) % 5054.829282"
"G44023UC","HexNAc(16)Hex(12)dHex(1) % 5339.961753"
"G78330KT","HexNAc(14)Hex(15)dHex(6)NeuAc(1) % 6441.346439"
"G85428IQ","HexNAc(14)Hex(15)dHex(5)NeuAc(2) % 6586.383947"
"G72134PC","HexNAc(14)Hex(15)dHex(6)NeuAc(2) % 6732.441855"
